line_id,document_ids,tier,score,confidence,auto_post,amount_diff_paise,evidence,n_docs
BL-000181,AR-INV-2026-000161;AR-INV-2026-000104;AR-INV-2026-000196,t2_advice_utr,1.0,0.644,no,57436900,advice_utr=900000036039 +residual_alloc(2 docs),3
BL-000062,AP-VB-2026-000027,t7_fuzzy,0.804,0.687,no,-159500,fuzzy_assignment_name(0.80),1
BL-000054,AR-INV-2026-000022,t7_fuzzy,0.817,0.688,no,-1841500,fuzzy_assignment_name(0.82),1
BL-000157,AR-INV-2026-000236,t2_advice_utr,1.0,0.69,no,51409000,advice_utr=900000036124,1
BL-000661,AP-RT-2026-000486,t7_fuzzy,0.871,0.69,no,-641200,fuzzy_assignment_name(0.87),1
BL-000223,AP-VB-2026-000187,t7_fuzzy,0.902,0.693,no,-534300,fuzzy_assignment_name(0.90),1
BL-000464,AP-EMI-202608-0,t7_fuzzy,0.829,0.693,no,0,fuzzy_assignment_name(0.83),1
BL-000735,AR-INV-2026-000701,t2_advice_utr,1.0,0.694,no,38550400,advice_utr=900000036372,1
BL-000471,AP-RT-2026-000482,t7_fuzzy,0.94,0.694,no,-242200,fuzzy_assignment_name(0.94),1
BL-000639,AR-INV-2026-000768,t7_fuzzy,0.929,0.694,no,-312900,fuzzy_assignment_name(0.93),1
BL-000611,AR-INV-2026-000622,t7_fuzzy,0.858,0.694,no,0,fuzzy_assignment_name(0.86),1
BL-000455,AP-RT-2026-000177,t7_fuzzy,0.925,0.695,no,-191400,fuzzy_assignment_name(0.93),1
BL-000121,AR-INV-2026-000173,t7_fuzzy,0.924,0.696,no,-96800,fuzzy_assignment_name(0.92),1
BL-000717,AP-EMI-202609-0,t7_fuzzy,0.893,0.696,no,0,fuzzy_assignment_name(0.89),1
BL-000665,AR-INV-2026-000678,t7_fuzzy,0.997,0.699,no,-332800,fuzzy_assignment_name(1.00),1
BL-000308,AR-INV-2026-000321;AR-INV-2026-000329;AR-INV-2026-000341,t6_lumpsum,0.99,0.738,no,0,"subset_sum(3 docs of 4 candidates, shared tokens ['ONE', 'ZENITH'])",3
BL-000158,AR-INV-2026-000387;AR-INV-2026-000389;AR-INV-2026-000398,t6_lumpsum,0.99,0.745,no,0,"subset_sum(3 docs of 4 candidates, shared tokens ['CONVEYANCES', 'DEEP', 'RAMAN'])",3
BL-000125,AR-INV-2026-000067,t2_advice_utr,1.0,0.769,no,28812000,advice_utr=900000035999,1
BL-000222,AR-INV-2026-000270;AR-INV-2026-000239;AR-INV-2026-000289,t2_advice_utr,1.0,0.772,no,105869800,advice_utr=900000036144 +residual_alloc(2 docs),3
BL-000372,AR-INV-2026-000354,t2_advice_utr,1.0,0.797,no,33219700,advice_utr=900000036274,1
BL-000736,AR-INV-2026-000748;AR-INV-2026-000737;AR-INV-2026-000766,t2_advice_utr,1.0,0.815,no,26410700,advice_utr=900000036451 +residual_alloc(2 docs),3
BL-000167,AR-INV-2026-000174;AR-INV-2026-000192;AR-INV-2026-000198,t3_doc_number,0.785,0.823,no,0,"doc_ref=INV-2026-000174,INV-2026-000192,INV-2026-000198",3
BL-000199,AP-SALARY-202607-0,t4_amount_exact,0.9,0.892,no,0,amount_exact_unique,1
BL-000645,AR-INV-2026-000277,t4_amount_exact,0.9,0.893,no,0,amount_exact_unique,1
BL-000496,AR-INV-2026-000138,t4_amount_exact,0.9,0.895,no,0,amount_exact_unique,1
BL-000626,AP-RT-2026-000557,t4_amount_exact,0.9,0.895,no,0,amount_exact_unique,1
BL-000193,AR-INV-2026-000024,t4_amount_exact,0.9,0.897,no,0,amount_exact_unique,1
BL-000046,AR-INV-2026-000030,t4_amount_exact,0.9,0.9,yes,0,amount_exact_unique,1
BL-000159,AP-RT-2026-000087,t4_amount_exact,0.9,0.9,yes,0,amount_exact_unique,1
BL-000289,AR-INV-2026-000039,t4_amount_exact,0.9,0.901,yes,0,amount_exact_unique,1
BL-000621,AP-VB-2026-000607,t4_amount_exact,0.9,0.901,yes,0,amount_exact_unique,1
BL-000528,AP-VB-2026-000310,t4_amount_exact,0.9,0.902,yes,0,amount_exact_unique,1
BL-000056,AP-VB-2026-000023,t4_amount_exact,0.9,0.903,yes,0,amount_exact_unique,1
BL-000201,AP-RT-2026-000282,t4_amount_exact,0.9,0.903,yes,0,amount_exact_unique,1
BL-000260,AP-RT-2026-000222,t4_amount_exact,0.9,0.903,yes,0,amount_exact_unique,1
BL-000267,AR-INV-2026-000332,t4_amount_exact,0.9,0.903,yes,0,amount_exact_unique,1
BL-000517,AP-VB-2026-000545,t4_amount_exact,0.9,0.903,yes,0,amount_exact_unique,1
BL-000620,AP-VB-2026-000555,t4_amount_exact,0.9,0.903,yes,0,amount_exact_unique,1
BL-000623,AR-INV-2026-000248,t4_amount_exact,0.9,0.903,yes,0,amount_exact_unique,1
BL-000635,AP-RT-2026-000337,t4_amount_exact,0.9,0.903,yes,0,amount_exact_unique,1
BL-000292,AR-INV-2026-000011,t4_amount_exact,0.9,0.904,yes,0,amount_exact_unique,1
BL-000326,AP-RT-2026-000380,t4_amount_exact,0.9,0.904,yes,0,amount_exact_unique,1
BL-000344,AR-INV-2026-000339,t4_amount_exact,0.9,0.904,yes,0,amount_exact_unique,1
BL-000505,AP-RT-2026-000393,t4_amount_exact,0.9,0.904,yes,0,amount_exact_unique,1
BL-000318,AR-INV-2026-000340,t4_amount_exact,0.9,0.905,yes,0,amount_exact_unique,1
BL-000139,AP-VB-2026-000052,t4_amount_exact,0.9,0.906,yes,0,amount_exact_unique,1
BL-000472,AP-VB-2026-000322,t4_amount_exact,0.9,0.906,yes,0,amount_exact_unique,1
BL-000592,AR-INV-2026-000551,t4_amount_exact,0.9,0.906,yes,0,amount_exact_unique,1
BL-000632,AP-VB-2026-000682,t4_amount_exact,0.9,0.906,yes,0,amount_exact_unique,1
BL-000094,AR-INV-2026-000013,t4_amount_exact,0.9,0.907,yes,0,amount_exact_unique,1
BL-000317,AR-INV-2026-000386,t4_amount_exact,0.9,0.907,yes,0,amount_exact_unique,1
BL-000674,AR-INV-2026-000594,t4_amount_exact,0.9,0.907,yes,0,amount_exact_unique,1
BL-000691,AP-RT-2026-000431,t4_amount_exact,0.9,0.907,yes,0,amount_exact_unique,1
BL-000402,AP-VB-2026-000219,t4_amount_exact,0.9,0.908,yes,0,amount_exact_unique,1
BL-000610,AR-INV-2026-000287,t4_amount_exact,0.9,0.908,yes,0,amount_exact_unique,1
BL-000049,AP-SALARY-202606-0,t4_amount_exact,0.9,0.909,yes,0,amount_exact_unique,1
BL-000215,AP-VB-2026-000045,t4_amount_exact,0.9,0.909,yes,0,amount_exact_unique,1
BL-000627,AP-VB-2026-000449,t4_amount_exact,0.9,0.909,yes,0,amount_exact_unique,1
BL-000170,AP-VB-2026-000117,t4_amount_exact,0.9,0.91,yes,0,amount_exact_unique,1
BL-000229,AP-RT-2026-000244,t4_amount_exact,0.9,0.91,yes,0,amount_exact_unique,1
BL-000295,AP-RT-2026-000155,t4_amount_exact,0.9,0.91,yes,0,amount_exact_unique,1
BL-000299,AR-INV-2026-000378,t4_amount_exact,0.9,0.91,yes,0,amount_exact_unique,1
BL-000393,AR-INV-2026-000367,t4_amount_exact,0.9,0.91,yes,0,amount_exact_unique,1
BL-000503,AP-VB-2026-000220,t4_amount_exact,0.9,0.91,yes,0,amount_exact_unique,1
BL-000524,AR-INV-2026-000373,t4_amount_exact,0.9,0.91,yes,0,amount_exact_unique,1
BL-000550,AR-INV-2026-000668,t4_amount_exact,0.9,0.91,yes,0,amount_exact_unique,1
BL-000633,AP-VB-2026-000637,t4_amount_exact,0.9,0.91,yes,0,amount_exact_unique,1
BL-000727,AR-INV-2026-000728,t4_amount_exact,0.9,0.91,yes,0,amount_exact_unique,1
BL-000266,AR-INV-2026-000253,t4_amount_exact,0.9,0.911,yes,0,amount_exact_unique,1
BL-000468,AP-VB-2026-000368,t4_amount_exact,0.9,0.911,yes,0,amount_exact_unique,1
BL-000520,AP-VB-2026-000478,t4_amount_exact,0.9,0.911,yes,0,amount_exact_unique,1
BL-000549,AP-VB-2026-000359,t4_amount_exact,0.9,0.911,yes,0,amount_exact_unique,1
BL-000608,AR-INV-2026-000240,t4_amount_exact,0.9,0.911,yes,0,amount_exact_unique,1
BL-000681,AP-VB-2026-000487,t4_amount_exact,0.9,0.911,yes,0,amount_exact_unique,1
BL-000230,AP-RT-2026-000179,t4_amount_exact,0.9,0.912,yes,0,amount_exact_unique,1
BL-000297,AP-RT-2026-000100,t4_amount_exact,0.9,0.912,yes,0,amount_exact_unique,1
BL-000051,AP-EMI-202606-0,t4_amount_exact,0.9,0.913,yes,0,amount_exact_unique,1
BL-000177,AR-INV-2026-000185,t4_amount_exact,0.9,0.913,yes,0,amount_exact_unique,1
BL-000241,AR-INV-2026-000233,t4_amount_exact,0.9,0.913,yes,0,amount_exact_unique,1
BL-000243,AP-RENT-202607-0,t4_amount_exact,0.9,0.913,yes,0,amount_exact_unique,1
BL-000354,AP-RT-2026-000411,t4_amount_exact,0.9,0.913,yes,0,amount_exact_unique,1
BL-000415,AP-VB-2026-000412,t4_amount_exact,0.9,0.913,yes,0,amount_exact_unique,1
BL-000479,AR-INV-2026-000498,t4_amount_exact,0.9,0.913,yes,0,amount_exact_unique,1
BL-000571,AP-VB-2026-000559,t4_amount_exact,0.9,0.913,yes,0,amount_exact_unique,1
BL-000615,AR-INV-2026-000582,t4_amount_exact,0.9,0.913,yes,0,amount_exact_unique,1
BL-000136,AP-VB-2026-000037,t4_amount_exact,0.9,0.914,yes,0,amount_exact_unique,1
BL-000246,AP-RT-2026-000007,t4_amount_exact,0.9,0.914,yes,0,amount_exact_unique,1
BL-000274,AR-INV-2026-000074,t4_amount_exact,0.9,0.914,yes,0,amount_exact_unique,1
BL-000316,AR-INV-2026-000218,t4_amount_exact,0.9,0.914,yes,0,amount_exact_unique,1
BL-000440,AR-INV-2026-000508,t4_amount_exact,0.9,0.914,yes,0,amount_exact_unique,1
BL-000532,AP-RT-2026-000514,t4_amount_exact,0.9,0.914,yes,0,amount_exact_unique,1
BL-000594,AR-INV-2026-000522,t4_amount_exact,0.9,0.914,yes,0,amount_exact_unique,1
BL-000616,AP-VB-2026-000671,t4_amount_exact,0.9,0.914,yes,0,amount_exact_unique,1
BL-000636,AR-INV-2026-000540,t4_amount_exact,0.9,0.914,yes,0,amount_exact_unique,1
BL-000657,AP-VB-2026-000620,t4_amount_exact,0.9,0.914,yes,0,amount_exact_unique,1
BL-000017,AP-RT-2026-000053,t4_amount_exact,0.9,0.915,yes,0,amount_exact_unique,1
BL-000048,AR-INV-2026-000042,t4_amount_exact,0.9,0.915,yes,0,amount_exact_unique,1
BL-000061,AP-VB-2026-000114,t4_amount_exact,0.9,0.915,yes,0,amount_exact_unique,1
BL-000070,AP-VB-2026-000055,t4_amount_exact,0.9,0.915,yes,0,amount_exact_unique,1
BL-000101,AR-INV-2026-000003,t4_amount_exact,0.9,0.915,yes,0,amount_exact_unique,1
BL-000104,AP-VB-2026-000064,t4_amount_exact,0.9,0.915,yes,0,amount_exact_unique,1
BL-000184,AP-VB-2026-000279,t4_amount_exact,0.9,0.915,yes,0,amount_exact_unique,1
BL-000207,AP-RT-2026-000051,t4_amount_exact,0.9,0.915,yes,0,amount_exact_unique,1
BL-000225,AP-VB-2026-000168,t4_amount_exact,0.9,0.915,yes,0,amount_exact_unique,1
BL-000275,AP-RT-2026-000150,t4_amount_exact,0.9,0.915,yes,0,amount_exact_unique,1
BL-000281,AP-RT-2026-000263,t4_amount_exact,0.9,0.915,yes,0,amount_exact_unique,1
BL-000286,AR-INV-2026-000058,t4_amount_exact,0.9,0.915,yes,0,amount_exact_unique,1
BL-000301,AP-VB-2026-000153,t4_amount_exact,0.9,0.915,yes,0,amount_exact_unique,1
BL-000304,AP-RT-2026-000311,t4_amount_exact,0.9,0.915,yes,0,amount_exact_unique,1
BL-000319,AP-RT-2026-000089,t4_amount_exact,0.9,0.915,yes,0,amount_exact_unique,1
BL-000412,AP-VB-2026-000291,t4_amount_exact,0.9,0.915,yes,0,amount_exact_unique,1
BL-000425,AP-RT-2026-000460,t4_amount_exact,0.9,0.915,yes,0,amount_exact_unique,1
BL-000444,AP-SALARY-202608-0,t4_amount_exact,0.9,0.915,yes,0,amount_exact_unique,1
BL-000448,AR-INV-2026-000352,t4_amount_exact,0.9,0.915,yes,0,amount_exact_unique,1
BL-000453,AR-INV-2026-000466,t4_amount_exact,0.9,0.915,yes,0,amount_exact_unique,1
BL-000509,AR-INV-2026-000437,t4_amount_exact,0.9,0.915,yes,0,amount_exact_unique,1
BL-000553,AP-RT-2026-000568,t4_amount_exact,0.9,0.915,yes,0,amount_exact_unique,1
BL-000617,AP-RT-2026-000606,t4_amount_exact,0.9,0.915,yes,0,amount_exact_unique,1
BL-000619,AP-RT-2026-000618,t4_amount_exact,0.9,0.915,yes,0,amount_exact_unique,1
BL-000643,AR-INV-2026-000621,t4_amount_exact,0.9,0.915,yes,0,amount_exact_unique,1
BL-000688,AP-RT-2026-000700,t4_amount_exact,0.9,0.915,yes,0,amount_exact_unique,1
BL-000693,AP-VB-2026-000752,t4_amount_exact,0.9,0.915,yes,0,amount_exact_unique,1
BL-000711,AP-VB-2026-000723,t4_amount_exact,0.9,0.915,yes,0,amount_exact_unique,1
BL-000350,AP-VB-2026-000246,t3_doc_number,0.882,0.916,no,-2865700,doc_ref=VB-2026-000246,1
BL-000040,AR-INV-2026-000057,t4_amount_exact,0.9,0.916,yes,0,amount_exact_unique,1
BL-000060,AP-RENT-202606-0,t4_amount_exact,0.9,0.916,yes,0,amount_exact_unique,1
BL-000119,AP-RT-2026-000170,t4_amount_exact,0.9,0.916,yes,0,amount_exact_unique,1
BL-000160,AP-VB-2026-000146,t4_amount_exact,0.9,0.916,yes,0,amount_exact_unique,1
BL-000173,AR-INV-2026-000202,t4_amount_exact,0.9,0.916,yes,0,amount_exact_unique,1
BL-000235,AP-VB-2026-000101,t4_amount_exact,0.9,0.916,yes,0,amount_exact_unique,1
BL-000250,AP-RT-2026-000036,t4_amount_exact,0.9,0.916,yes,0,amount_exact_unique,1
BL-000325,AP-RT-2026-000272,t4_amount_exact,0.9,0.916,yes,0,amount_exact_unique,1
BL-000330,AP-VB-2026-000106,t4_amount_exact,0.9,0.916,yes,0,amount_exact_unique,1
BL-000349,AP-VB-2026-000422,t4_amount_exact,0.9,0.916,yes,0,amount_exact_unique,1
BL-000365,AR-INV-2026-000439,t4_amount_exact,0.9,0.916,yes,0,amount_exact_unique,1
BL-000396,AP-RT-2026-000464,t4_amount_exact,0.9,0.916,yes,0,amount_exact_unique,1
BL-000414,AP-VB-2026-000410,t4_amount_exact,0.9,0.916,yes,0,amount_exact_unique,1
BL-000465,AP-RT-2026-000245,t4_amount_exact,0.9,0.916,yes,0,amount_exact_unique,1
BL-000530,AP-RT-2026-000481,t4_amount_exact,0.9,0.916,yes,0,amount_exact_unique,1
BL-000552,AP-RT-2026-000256,t4_amount_exact,0.9,0.916,yes,0,amount_exact_unique,1
BL-000580,AP-RT-2026-000617,t4_amount_exact,0.9,0.916,yes,0,amount_exact_unique,1
BL-000604,AP-RT-2026-000325,t4_amount_exact,0.9,0.916,yes,0,amount_exact_unique,1
BL-000676,AR-INV-2026-000718,t4_amount_exact,0.9,0.916,yes,0,amount_exact_unique,1
BL-000697,AR-INV-2026-000732,t4_amount_exact,0.9,0.916,yes,0,amount_exact_unique,1
BL-000708,AP-RT-2026-000504,t4_amount_exact,0.9,0.916,yes,0,amount_exact_unique,1
BL-000728,AP-RENT-202609-0,t4_amount_exact,0.9,0.916,yes,0,amount_exact_unique,1
BL-000001,AP-SALARY-202605-0,t4_amount_exact,0.9,0.917,yes,0,amount_exact_unique,1
BL-000078,AP-VB-2026-000062,t4_amount_exact,0.9,0.917,yes,0,amount_exact_unique,1
BL-000106,AP-VB-2026-000092,t4_amount_exact,0.9,0.917,yes,0,amount_exact_unique,1
BL-000138,AR-INV-2026-000020,t4_amount_exact,0.9,0.917,yes,0,amount_exact_unique,1
BL-000194,AR-INV-2026-000158,t4_amount_exact,0.9,0.917,yes,0,amount_exact_unique,1
BL-000231,AP-RT-2026-000098,t4_amount_exact,0.9,0.917,yes,0,amount_exact_unique,1
BL-000232,AP-VB-2026-000203,t4_amount_exact,0.9,0.917,yes,0,amount_exact_unique,1
BL-000257,AP-VB-2026-000421,t4_amount_exact,0.9,0.917,yes,0,amount_exact_unique,1
BL-000323,AR-INV-2026-000456,t4_amount_exact,0.9,0.917,yes,0,amount_exact_unique,1
BL-000324,AR-INV-2026-000364,t4_amount_exact,0.9,0.917,yes,0,amount_exact_unique,1
BL-000345,AR-INV-2026-000308,t4_amount_exact,0.9,0.917,yes,0,amount_exact_unique,1
BL-000370,AR-INV-2026-000424,t4_amount_exact,0.9,0.917,yes,0,amount_exact_unique,1
BL-000376,AP-VB-2026-000208,t4_amount_exact,0.9,0.917,yes,0,amount_exact_unique,1
BL-000390,AP-RT-2026-000189,t4_amount_exact,0.9,0.917,yes,0,amount_exact_unique,1
BL-000408,AR-INV-2026-000418,t4_amount_exact,0.9,0.917,yes,0,amount_exact_unique,1
BL-000436,AP-VB-2026-000432,t4_amount_exact,0.9,0.917,yes,0,amount_exact_unique,1
BL-000452,AR-INV-2026-000499,t4_amount_exact,0.9,0.917,yes,0,amount_exact_unique,1
BL-000460,AR-INV-2026-000333,t4_amount_exact,0.9,0.917,yes,0,amount_exact_unique,1
BL-000467,AP-RT-2026-000345,t4_amount_exact,0.9,0.917,yes,0,amount_exact_unique,1
BL-000508,AR-INV-2026-000534,t4_amount_exact,0.9,0.917,yes,0,amount_exact_unique,1
BL-000510,AR-INV-2026-000462,t4_amount_exact,0.9,0.917,yes,0,amount_exact_unique,1
BL-000533,AP-RT-2026-000413,t4_amount_exact,0.9,0.917,yes,0,amount_exact_unique,1
BL-000546,AR-INV-2026-000403,t4_amount_exact,0.9,0.917,yes,0,amount_exact_unique,1
BL-000547,AP-RT-2026-000470,t4_amount_exact,0.9,0.917,yes,0,amount_exact_unique,1
BL-000680,AP-RT-2026-000724,t4_amount_exact,0.9,0.917,yes,0,amount_exact_unique,1
BL-000704,AR-INV-2026-000399,t4_amount_exact,0.9,0.917,yes,0,amount_exact_unique,1
BL-000003,AP-RENT-202605-0,t4_amount_exact,0.9,0.918,yes,0,amount_exact_unique,1
BL-000178,AR-INV-2026-000026,t4_amount_exact,0.9,0.918,yes,0,amount_exact_unique,1
BL-000238,AR-INV-2026-000197,t4_amount_exact,0.9,0.918,yes,0,amount_exact_unique,1
BL-000333,AP-RT-2026-000258,t4_amount_exact,0.9,0.918,yes,0,amount_exact_unique,1
BL-000355,AP-VB-2026-000479,t4_amount_exact,0.9,0.918,yes,0,amount_exact_unique,1
BL-000413,AP-VB-2026-000131,t4_amount_exact,0.9,0.918,yes,0,amount_exact_unique,1
BL-000487,AP-RENT-202608-0,t4_amount_exact,0.9,0.918,yes,0,amount_exact_unique,1
BL-000523,AR-INV-2026-000193,t4_amount_exact,0.9,0.918,yes,0,amount_exact_unique,1
BL-000526,AP-RT-2026-000394,t4_amount_exact,0.9,0.918,yes,0,amount_exact_unique,1
BL-000527,AP-RT-2026-000579,t4_amount_exact,0.9,0.918,yes,0,amount_exact_unique,1
BL-000572,AP-RT-2026-000653,t4_amount_exact,0.9,0.918,yes,0,amount_exact_unique,1
BL-000707,AP-RT-2026-000741,t4_amount_exact,0.9,0.918,yes,0,amount_exact_unique,1
BL-000013,AP-RT-2026-000060,t4_amount_exact,0.9,0.919,yes,0,amount_exact_unique,1
BL-000031,AP-VB-2026-000078,t4_amount_exact,0.9,0.919,yes,0,amount_exact_unique,1
BL-000081,AR-INV-2026-000094,t4_amount_exact,0.9,0.919,yes,0,amount_exact_unique,1
BL-000083,AR-INV-2026-000049,t4_amount_exact,0.9,0.919,yes,0,amount_exact_unique,1
BL-000086,AR-INV-2026-000119,t4_amount_exact,0.9,0.919,yes,0,amount_exact_unique,1
BL-000102,AR-INV-2026-000097,t4_amount_exact,0.9,0.919,yes,0,amount_exact_unique,1
BL-000105,AP-RT-2026-000054,t4_amount_exact,0.9,0.919,yes,0,amount_exact_unique,1
BL-000261,AP-RT-2026-000319,t4_amount_exact,0.9,0.919,yes,0,amount_exact_unique,1
BL-000279,AP-VB-2026-000070,t4_amount_exact,0.9,0.919,yes,0,amount_exact_unique,1
BL-000314,AP-RT-2026-000326,t4_amount_exact,0.9,0.919,yes,0,amount_exact_unique,1
BL-000357,AR-INV-2026-000200,t4_amount_exact,0.9,0.919,yes,0,amount_exact_unique,1
BL-000429,AR-INV-2026-000241,t4_amount_exact,0.9,0.919,yes,0,amount_exact_unique,1
BL-000469,AP-VB-2026-000448,t4_amount_exact,0.9,0.919,yes,0,amount_exact_unique,1
BL-000489,AP-RT-2026-000485,t4_amount_exact,0.9,0.919,yes,0,amount_exact_unique,1
BL-000498,AR-INV-2026-000475,t4_amount_exact,0.9,0.919,yes,0,amount_exact_unique,1
BL-000501,AR-INV-2026-000288,t4_amount_exact,0.9,0.919,yes,0,amount_exact_unique,1
BL-000600,AP-VB-2026-000440,t4_amount_exact,0.9,0.919,yes,0,amount_exact_unique,1
BL-000605,AP-RT-2026-000619,t4_amount_exact,0.9,0.919,yes,0,amount_exact_unique,1
BL-000606,AR-INV-2026-000563,t4_amount_exact,0.9,0.919,yes,0,amount_exact_unique,1
BL-000682,AP-VB-2026-000661,t4_amount_exact,0.9,0.919,yes,0,amount_exact_unique,1
BL-000698,AR-INV-2026-000625,t4_amount_exact,0.9,0.919,yes,0,amount_exact_unique,1
BL-000027,AR-INV-2026-000066,t4_amount_exact,0.9,0.92,yes,0,amount_exact_unique,1
BL-000030,AR-INV-2026-000019,t4_amount_exact,0.9,0.92,yes,0,amount_exact_unique,1
BL-000117,AR-INV-2026-000041,t4_amount_exact,0.9,0.92,yes,0,amount_exact_unique,1
BL-000148,AR-INV-2026-000162,t4_amount_exact,0.9,0.92,yes,0,amount_exact_unique,1
BL-000182,AP-RT-2026-000133,t4_amount_exact,0.9,0.92,yes,0,amount_exact_unique,1
BL-000227,AP-GST-202607,t4_amount_exact,0.9,0.92,yes,0,amount_exact_unique,1
BL-000268,AP-RT-2026-000076,t4_amount_exact,0.9,0.92,yes,0,amount_exact_unique,1
BL-000296,AP-VB-2026-000118,t4_amount_exact,0.9,0.92,yes,0,amount_exact_unique,1
BL-000312,AR-INV-2026-000350,t4_amount_exact,0.9,0.92,yes,0,amount_exact_unique,1
BL-000320,AP-VB-2026-000143,t4_amount_exact,0.9,0.92,yes,0,amount_exact_unique,1
BL-000428,AP-RT-2026-000265,t4_amount_exact,0.9,0.92,yes,0,amount_exact_unique,1
BL-000434,AP-RT-2026-000257,t4_amount_exact,0.9,0.92,yes,0,amount_exact_unique,1
BL-000437,AR-INV-2026-000492,t4_amount_exact,0.9,0.92,yes,0,amount_exact_unique,1
BL-000513,AR-INV-2026-000536,t4_amount_exact,0.9,0.92,yes,0,amount_exact_unique,1
BL-000515,AR-INV-2026-000564,t4_amount_exact,0.9,0.92,yes,0,amount_exact_unique,1
BL-000538,AR-INV-2026-000217,t4_amount_exact,0.9,0.92,yes,0,amount_exact_unique,1
BL-000559,AR-INV-2026-000535,t4_amount_exact,0.9,0.92,yes,0,amount_exact_unique,1
BL-000612,AP-VB-2026-000441,t4_amount_exact,0.9,0.92,yes,0,amount_exact_unique,1
BL-000640,AR-INV-2026-000511,t4_amount_exact,0.9,0.92,yes,0,amount_exact_unique,1
BL-000654,AP-VB-2026-000533,t4_amount_exact,0.9,0.92,yes,0,amount_exact_unique,1
BL-000002,AP-EMI-202605-0,t4_amount_exact,0.9,0.921,yes,0,amount_exact_unique,1
BL-000041,AR-INV-2026-000061,t4_amount_exact,0.9,0.921,yes,0,amount_exact_unique,1
BL-000135,AP-RT-2026-000107,t4_amount_exact,0.9,0.921,yes,0,amount_exact_unique,1
BL-000251,AP-VB-2026-000381,t4_amount_exact,0.9,0.921,yes,0,amount_exact_unique,1
BL-000348,AP-VB-2026-000376,t4_amount_exact,0.9,0.921,yes,0,amount_exact_unique,1
BL-000461,AR-INV-2026-000427,t4_amount_exact,0.9,0.921,yes,0,amount_exact_unique,1
BL-000502,AR-INV-2026-000139,t4_amount_exact,0.9,0.921,yes,0,amount_exact_unique,1
BL-000536,AR-INV-2026-000610,t4_amount_exact,0.9,0.921,yes,0,amount_exact_unique,1
BL-000542,AR-INV-2026-000529,t4_amount_exact,0.9,0.921,yes,0,amount_exact_unique,1
BL-000558,AR-INV-2026-000371,t4_amount_exact,0.9,0.921,yes,0,amount_exact_unique,1
BL-000586,AR-INV-2026-000552,t4_amount_exact,0.9,0.921,yes,0,amount_exact_unique,1
BL-000668,AP-RT-2026-000586,t4_amount_exact,0.9,0.921,yes,0,amount_exact_unique,1
BL-000678,AP-RT-2026-000726,t4_amount_exact,0.9,0.921,yes,0,amount_exact_unique,1
BL-000706,AP-SALARY-202609-0,t4_amount_exact,0.9,0.921,yes,0,amount_exact_unique,1
BL-000242,AR-INV-2026-000181,t3_doc_number,0.938,0.922,no,-33459800,doc_ref=INV-2026-000181,1
BL-000092,AR-INV-2026-000223,t4_amount_exact,0.9,0.922,yes,0,amount_exact_unique,1
BL-000259,AP-RT-2026-000209,t4_amount_exact,0.9,0.922,yes,0,amount_exact_unique,1
BL-000264,AP-VB-2026-000132,t4_amount_exact,0.9,0.922,yes,0,amount_exact_unique,1
BL-000290,AR-INV-2026-000025,t4_amount_exact,0.9,0.922,yes,0,amount_exact_unique,1
BL-000294,AP-RT-2026-000125,t4_amount_exact,0.9,0.922,yes,0,amount_exact_unique,1
BL-000427,AP-VB-2026-000407,t4_amount_exact,0.9,0.922,yes,0,amount_exact_unique,1
BL-000439,AR-INV-2026-000261,t4_amount_exact,0.9,0.922,yes,0,amount_exact_unique,1
BL-000544,AR-INV-2026-000476,t4_amount_exact,0.9,0.922,yes,0,amount_exact_unique,1
BL-000581,AP-RT-2026-000525,t4_amount_exact,0.9,0.922,yes,0,amount_exact_unique,1
BL-000694,AP-RT-2026-000480,t4_amount_exact,0.9,0.922,yes,0,amount_exact_unique,1
BL-000724,AP-RT-2026-000569,t4_amount_exact,0.9,0.922,yes,0,amount_exact_unique,1
BL-000143,AR-INV-2026-000190,t3_doc_number,0.835,0.923,yes,0,doc_ref=INV-2026-000190,1
BL-000451,AR-INV-2026-000157,t4_amount_exact,0.9,0.923,yes,0,amount_exact_unique,1
BL-000491,AR-INV-2026-000228,t4_amount_exact,0.9,0.923,yes,0,amount_exact_unique,1
BL-000493,AR-INV-2026-000260,t4_amount_exact,0.9,0.923,yes,0,amount_exact_unique,1
BL-000529,AP-VB-2026-000468,t4_amount_exact,0.9,0.923,yes,0,amount_exact_unique,1
BL-000352,AP-VB-2026-000280,t4_amount_exact,0.9,0.924,yes,0,amount_exact_unique,1
BL-000565,AR-INV-2026-000491,t3_doc_number,0.843,0.925,yes,0,doc_ref=INV-2026-000491,1
BL-000019,AP-RT-2026-000072,t4_amount_exact,0.9,0.925,yes,0,amount_exact_unique,1
BL-000058,AR-INV-2026-000033,t4_amount_exact,0.9,0.925,yes,0,amount_exact_unique,1
BL-000059,AR-INV-2026-000127,t4_amount_exact,0.9,0.925,yes,0,amount_exact_unique,1
BL-000071,AP-VB-2026-000065,t4_amount_exact,0.9,0.925,yes,0,amount_exact_unique,1
BL-000076,AR-INV-2026-000109,t4_amount_exact,0.9,0.925,yes,0,amount_exact_unique,1
BL-000091,AR-INV-2026-000172,t4_amount_exact,0.9,0.925,yes,0,amount_exact_unique,1
BL-000146,AR-INV-2026-000124,t4_amount_exact,0.9,0.925,yes,0,amount_exact_unique,1
BL-000188,AR-INV-2026-000043,t4_amount_exact,0.9,0.925,yes,0,amount_exact_unique,1
BL-000204,AP-VB-2026-000299,t4_amount_exact,0.9,0.925,yes,0,amount_exact_unique,1
BL-000205,AP-VB-2026-000167,t4_amount_exact,0.9,0.925,yes,0,amount_exact_unique,1
BL-000209,AR-INV-2026-000021,t4_amount_exact,0.9,0.925,yes,0,amount_exact_unique,1
BL-000217,AP-RT-2026-000165,t4_amount_exact,0.9,0.925,yes,0,amount_exact_unique,1
BL-000220,AR-INV-2026-000406,t4_amount_exact,0.9,0.925,yes,0,amount_exact_unique,1
BL-000234,AP-RT-2026-000300,t4_amount_exact,0.9,0.925,yes,0,amount_exact_unique,1
BL-000256,AR-INV-2026-000384,t4_amount_exact,0.9,0.925,yes,0,amount_exact_unique,1
BL-000271,AR-INV-2026-000275,t4_amount_exact,0.9,0.925,yes,0,amount_exact_unique,1
BL-000272,AR-INV-2026-000355,t4_amount_exact,0.9,0.925,yes,0,amount_exact_unique,1
BL-000291,AR-INV-2026-000247,t4_amount_exact,0.9,0.925,yes,0,amount_exact_unique,1
BL-000328,AP-VB-2026-000315,t4_amount_exact,0.9,0.925,yes,0,amount_exact_unique,1
BL-000329,AP-VB-2026-000284,t4_amount_exact,0.9,0.925,yes,0,amount_exact_unique,1
BL-000331,AP-RT-2026-000361,t4_amount_exact,0.9,0.925,yes,0,amount_exact_unique,1
BL-000342,AR-INV-2026-000435,t4_amount_exact,0.9,0.925,yes,0,amount_exact_unique,1
BL-000361,AP-RT-2026-000313,t4_amount_exact,0.9,0.925,yes,0,amount_exact_unique,1
BL-000362,AP-VB-2026-000145,t4_amount_exact,0.9,0.925,yes,0,amount_exact_unique,1
BL-000384,AR-INV-2026-000268,t4_amount_exact,0.9,0.925,yes,0,amount_exact_unique,1
BL-000397,AP-RT-2026-000302,t4_amount_exact,0.9,0.925,yes,0,amount_exact_unique,1
BL-000409,AR-INV-2026-000467,t4_amount_exact,0.9,0.925,yes,0,amount_exact_unique,1
BL-000417,AP-VB-2026-000188,t4_amount_exact,0.9,0.925,yes,0,amount_exact_unique,1
BL-000422,AR-INV-2026-000255,t4_amount_exact,0.9,0.925,yes,0,amount_exact_unique,1
BL-000456,AP-RT-2026-000230,t4_amount_exact,0.9,0.925,yes,0,amount_exact_unique,1
BL-000466,AP-RT-2026-000395,t4_amount_exact,0.9,0.925,yes,0,amount_exact_unique,1
BL-000486,AR-INV-2026-000542,t4_amount_exact,0.9,0.925,yes,0,amount_exact_unique,1
BL-000490,AP-VB-2026-000262,t4_amount_exact,0.9,0.925,yes,0,amount_exact_unique,1
BL-000543,AR-INV-2026-000471,t4_amount_exact,0.9,0.925,yes,0,amount_exact_unique,1
BL-000561,AP-VB-2026-000494,t4_amount_exact,0.9,0.925,yes,0,amount_exact_unique,1
BL-000566,AR-INV-2026-000433,t4_amount_exact,0.9,0.925,yes,0,amount_exact_unique,1
BL-000567,AR-INV-2026-000496,t4_amount_exact,0.9,0.925,yes,0,amount_exact_unique,1
BL-000568,AR-INV-2026-000509,t4_amount_exact,0.9,0.925,yes,0,amount_exact_unique,1
BL-000583,AP-VB-2026-000379,t4_amount_exact,0.9,0.925,yes,0,amount_exact_unique,1
BL-000602,AR-INV-2026-000434,t4_amount_exact,0.9,0.925,yes,0,amount_exact_unique,1
BL-000603,AR-INV-2026-000562,t4_amount_exact,0.9,0.925,yes,0,amount_exact_unique,1
BL-000625,AP-VB-2026-000577,t4_amount_exact,0.9,0.925,yes,0,amount_exact_unique,1
BL-000650,AP-VB-2026-000591,t4_amount_exact,0.9,0.925,yes,0,amount_exact_unique,1
BL-000653,AR-INV-2026-000477,t4_amount_exact,0.9,0.925,yes,0,amount_exact_unique,1
BL-000655,AP-VB-2026-000648,t4_amount_exact,0.9,0.925,yes,0,amount_exact_unique,1
BL-000660,AR-INV-2026-000686,t4_amount_exact,0.95,0.925,yes,0,amount_exact+name(1.00),1
BL-000685,AR-INV-2026-000702,t4_amount_exact,0.9,0.925,yes,0,amount_exact_unique,1
BL-000716,AR-INV-2026-000677,t4_amount_exact,0.9,0.925,yes,0,amount_exact_unique,1
BL-000033,AR-INV-2026-000006,t3_doc_number,0.847,0.926,yes,0,doc_ref=INV-2026-000006,1
BL-000214,AP-VB-2026-000154,t3_doc_number,0.854,0.927,yes,0,doc_ref=VB-2026-000154,1
BL-000406,AR-INV-2026-000084,t3_doc_number,0.854,0.927,yes,0,doc_ref=INV-2026-000084,1
BL-000191,AR-INV-2026-000108,t3_doc_number,0.877,0.929,no,-133900,doc_ref=INV-2026-000108,1
BL-000245,AP-VB-2026-000346,t3_doc_number,0.957,0.929,no,-1697200,doc_ref=VB-2026-000346,1
BL-000055,AR-INV-2026-000014,t3_doc_number,0.869,0.93,yes,0,doc_ref=INV-2026-000014,1
BL-000185,AP-VB-2026-000126,t3_doc_number,0.907,0.93,no,-635600,doc_ref=VB-2026-000126,1
BL-000441,AR-INV-2026-000583,t3_doc_number,0.97,0.93,no,-3134700,doc_ref=INV-2026-000583,1
BL-000124,AR-INV-2026-000294,t3_doc_number,0.933,0.931,no,-998000,doc_ref=INV-2026-000294,1
BL-000216,AP-RT-2026-000195,t3_doc_number,0.918,0.931,no,-611300,doc_ref=RT-2026-000195,1
BL-000332,AP-RT-2026-000502,t3_doc_number,0.97,0.931,no,-1304600,doc_ref=RT-2026-000502,1
BL-000113,AP-RT-2026-000063,t3_doc_number,0.88,0.932,yes,0,doc_ref=RT-2026-000063,1
BL-000309,AP-VB-2026-000392,t3_doc_number,0.88,0.932,yes,0,doc_ref=VB-2026-000392,1
BL-000388,AP-VB-2026-000377,t3_doc_number,0.879,0.932,yes,0,doc_ref=VB-2026-000377,1
BL-000679,AP-VB-2026-000662,t3_doc_number,0.882,0.932,yes,0,doc_ref=VB-2026-000662,1
BL-000335,AP-VB-2026-000235,t3_doc_number,0.887,0.933,yes,0,doc_ref=VB-2026-000235,1
BL-000692,AP-VB-2026-000616,t3_doc_number,0.962,0.933,no,-1475900,doc_ref=VB-2026-000616,1
BL-000252,AP-VB-2026-000166,t3_doc_number,0.891,0.934,yes,0,doc_ref=VB-2026-000166,1
BL-000306,AP-RT-2026-000116,t3_doc_number,0.89,0.934,yes,0,doc_ref=RT-2026-000116,1
BL-000351,AP-VB-2026-000503,t3_doc_number,0.889,0.934,yes,0,doc_ref=VB-2026-000503,1
BL-000385,AP-RT-2026-000267,t3_doc_number,0.888,0.934,yes,0,doc_ref=RT-2026-000267,1
BL-000504,AP-RT-2026-000452,t3_doc_number,0.887,0.934,yes,0,doc_ref=RT-2026-000452,1
BL-000540,AR-INV-2026-000566,t3_doc_number,1.0,0.934,no,-981900,doc_ref=INV-2026-000566,1
BL-000731,AP-VB-2026-000636,t3_doc_number,1.0,0.934,no,-858800,doc_ref=VB-2026-000636,1
BL-000114,AR-INV-2026-000099,t3_doc_number,0.895,0.935,yes,0,doc_ref=INV-2026-000099,1
BL-000247,AP-VB-2026-000178,t3_doc_number,0.895,0.935,yes,0,doc_ref=VB-2026-000178,1
BL-000641,AR-INV-2026-000581,t3_doc_number,0.895,0.935,yes,0,doc_ref=INV-2026-000581,1
BL-000705,AR-INV-2026-000489,t3_doc_number,0.9,0.936,yes,0,doc_ref=INV-2026-000489,1
BL-000156,AR-INV-2026-000136,t3_doc_number,0.908,0.937,yes,0,doc_ref=INV-2026-000136,1
BL-000161,AR-INV-2026-000206,t3_doc_number,0.904,0.937,yes,0,doc_ref=INV-2026-000206,1
BL-000192,AR-INV-2026-000147,t3_doc_number,0.907,0.937,yes,0,doc_ref=INV-2026-000147,1
BL-000206,AP-VB-2026-000130,t3_doc_number,0.905,0.937,yes,0,doc_ref=VB-2026-000130,1
BL-000300,AR-INV-2026-000323,t3_doc_number,0.904,0.937,yes,0,doc_ref=INV-2026-000323,1
BL-000305,AP-VB-2026-000335,t3_doc_number,0.905,0.937,yes,0,doc_ref=VB-2026-000335,1
BL-000360,AP-RT-2026-000347,t3_doc_number,0.908,0.937,yes,0,doc_ref=RT-2026-000347,1
BL-000443,AR-INV-2026-000510,t3_doc_number,1.0,0.937,no,-4821900,doc_ref=INV-2026-000510,1
BL-000481,AR-INV-2026-000474,t3_doc_number,0.906,0.937,yes,0,doc_ref=INV-2026-000474,1
BL-000499,AR-INV-2026-000539,t3_doc_number,0.905,0.937,yes,0,doc_ref=INV-2026-000539,1
BL-000628,AP-VB-2026-000567,t3_doc_number,0.908,0.937,yes,0,doc_ref=VB-2026-000567,1
BL-000197,AP-RT-2026-000115,t3_doc_number,0.91,0.938,yes,0,doc_ref=RT-2026-000115,1
BL-000210,AR-INV-2026-000102,t3_doc_number,0.913,0.938,yes,0,doc_ref=INV-2026-000102,1
BL-000593,AR-INV-2026-000505,t3_doc_number,0.912,0.938,yes,0,doc_ref=INV-2026-000505,1
BL-000171,AP-RT-2026-000221,t3_doc_number,0.917,0.939,yes,0,doc_ref=RT-2026-000221,1
BL-000525,AR-INV-2026-000570,t3_doc_number,0.984,0.939,no,-4721800,doc_ref=INV-2026-000570,1
BL-000656,AP-VB-2026-000628,t3_doc_number,0.917,0.939,yes,0,doc_ref=VB-2026-000628,1
BL-000035,AR-INV-2026-000002,t3_doc_number,0.92,0.94,yes,0,doc_ref=INV-2026-000002,1
BL-000044,AR-INV-2026-000001,t3_doc_number,0.955,0.94,no,-259600,doc_ref=INV-2026-000001,1
BL-000077,AP-RT-2026-000009,t3_doc_number,0.92,0.94,yes,0,doc_ref=RT-2026-000009,1
BL-000118,AR-INV-2026-000141,t3_doc_number,0.921,0.94,yes,0,doc_ref=INV-2026-000141,1
BL-000169,AP-VB-2026-000148,t3_doc_number,0.924,0.94,yes,0,doc_ref=VB-2026-000148,1
BL-000280,AP-VB-2026-000297,t3_doc_number,0.924,0.94,yes,0,doc_ref=VB-2026-000297,1
BL-000519,AP-RT-2026-000459,t3_doc_number,0.92,0.94,yes,0,doc_ref=RT-2026-000459,1
BL-000080,AR-INV-2026-000004,t3_doc_number,0.925,0.941,yes,0,doc_ref=INV-2026-000004,1
BL-000485,AP-RT-2026-000231,t3_doc_number,0.97,0.941,no,-456900,doc_ref=RT-2026-000231,1
BL-000562,AP-RT-2026-000298,t3_doc_number,0.926,0.941,yes,0,doc_ref=RT-2026-000298,1
BL-000614,AR-INV-2026-000601,t2_advice_utr,1.0,0.942,no,-2338600,advice_utr=900000031971,1
BL-000341,AR-INV-2026-000351,t3_doc_number,0.933,0.942,yes,0,doc_ref=INV-2026-000351,1
BL-000512,AR-INV-2026-000541,t3_doc_number,0.934,0.942,yes,0,doc_ref=INV-2026-000541,1
BL-000085,AR-INV-2026-000075,t3_doc_number,0.938,0.943,yes,0,doc_ref=INV-2026-000075,1
BL-000122,AR-INV-2026-000238,t3_doc_number,0.938,0.943,yes,0,doc_ref=INV-2026-000238,1
BL-000154,AR-INV-2026-000171,t3_doc_number,0.938,0.943,yes,0,doc_ref=INV-2026-000171,1
BL-000327,AP-RT-2026-000369,t3_doc_number,0.935,0.943,yes,0,doc_ref=RT-2026-000369,1
BL-000407,AR-INV-2026-000517,t3_doc_number,0.938,0.943,yes,0,doc_ref=INV-2026-000517,1
BL-000038,AP-RT-2026-000071,t3_doc_number,0.944,0.944,yes,0,doc_ref=RT-2026-000071,1
BL-000130,AR-INV-2026-000160,t3_doc_number,0.943,0.944,yes,0,doc_ref=INV-2026-000160,1
BL-000244,AP-VB-2026-000010,t3_doc_number,0.943,0.944,yes,0,doc_ref=VB-2026-000010,1
BL-000249,AP-RT-2026-000044,t3_doc_number,0.944,0.944,yes,0,doc_ref=RT-2026-000044,1
BL-000287,AR-INV-2026-000305,t3_doc_number,0.942,0.944,yes,0,doc_ref=INV-2026-000305,1
BL-000334,AP-VB-2026-000334,t3_doc_number,0.944,0.944,yes,0,doc_ref=VB-2026-000334,1
BL-000570,AP-VB-2026-000301,t3_doc_number,0.944,0.944,yes,0,doc_ref=VB-2026-000301,1
BL-000574,AP-RT-2026-000526,t3_doc_number,0.944,0.944,yes,0,doc_ref=RT-2026-000526,1
BL-000646,AP-VB-2026-000543,t3_doc_number,0.94,0.944,yes,0,doc_ref=VB-2026-000543,1
BL-000729,AP-VB-2026-000495,t3_doc_number,0.945,0.944,yes,0,doc_ref=VB-2026-000495,1
BL-000098,AR-INV-2026-000123,t3_doc_number,0.949,0.945,yes,0,doc_ref=INV-2026-000123,1
BL-000126,AP-RT-2026-000169,t3_doc_number,0.95,0.945,yes,0,doc_ref=RT-2026-000169,1
BL-000175,AP-RT-2026-000016,t3_doc_number,0.95,0.945,yes,0,doc_ref=RT-2026-000016,1
BL-000353,AP-VB-2026-000513,t3_doc_number,0.946,0.945,yes,0,doc_ref=VB-2026-000513,1
BL-000518,AP-RT-2026-000370,t3_doc_number,0.946,0.945,yes,0,doc_ref=RT-2026-000370,1
BL-000710,AP-VB-2026-000578,t3_doc_number,0.946,0.945,yes,0,doc_ref=VB-2026-000578,1
BL-000069,AR-INV-2026-000068,t3_doc_number,0.953,0.946,yes,0,doc_ref=INV-2026-000068,1
BL-000133,AP-VB-2026-000180,t3_doc_number,0.953,0.946,yes,0,doc_ref=VB-2026-000180,1
BL-000145,AR-INV-2026-000191,t3_doc_number,0.952,0.946,yes,0,doc_ref=INV-2026-000191,1
BL-000255,AR-INV-2026-000309,t3_doc_number,0.952,0.946,yes,0,doc_ref=INV-2026-000309,1
BL-000395,AP-VB-2026-000558,t3_doc_number,0.952,0.946,yes,0,doc_ref=VB-2026-000558,1
BL-000462,AR-INV-2026-000353,t3_doc_number,0.953,0.946,yes,0,doc_ref=INV-2026-000353,1
BL-000065,AR-INV-2026-000069,t3_doc_number,0.959,0.947,yes,0,doc_ref=INV-2026-000069,1
BL-000097,AR-INV-2026-000047,t3_doc_number,0.969,0.947,yes,-260100,doc_ref=INV-2026-000047,1
BL-000150,AR-INV-2026-000159,t3_doc_number,0.959,0.947,yes,0,doc_ref=INV-2026-000159,1
BL-000228,AP-RT-2026-000312,t3_doc_number,0.957,0.947,yes,0,doc_ref=RT-2026-000312,1
BL-000282,AP-VB-2026-000144,t3_doc_number,0.956,0.947,yes,0,doc_ref=VB-2026-000144,1
BL-000322,AR-INV-2026-000425,t3_doc_number,0.957,0.947,yes,0,doc_ref=INV-2026-000425,1
BL-000373,AR-INV-2026-000438,t3_doc_number,0.957,0.947,yes,0,doc_ref=INV-2026-000438,1
BL-000689,AP-RT-2026-000527,t3_doc_number,0.959,0.947,yes,0,doc_ref=RT-2026-000527,1
BL-000690,AP-VB-2026-000674,t3_doc_number,0.957,0.947,yes,0,doc_ref=VB-2026-000674,1
BL-000045,AR-INV-2026-000046,t3_doc_number,0.962,0.948,yes,0,doc_ref=INV-2026-000046,1
BL-000088,AR-INV-2026-000038,t3_doc_number,0.962,0.948,yes,0,doc_ref=INV-2026-000038,1
BL-000112,AR-INV-2026-000184,t3_doc_number,0.962,0.948,yes,0,doc_ref=INV-2026-000184,1
BL-000179,AR-INV-2026-000274,t3_doc_number,0.962,0.948,yes,0,doc_ref=INV-2026-000274,1
BL-000200,AP-VB-2026-000204,t3_doc_number,0.964,0.948,yes,0,doc_ref=VB-2026-000204,1
BL-000233,AP-VB-2026-000234,t3_doc_number,0.964,0.948,yes,0,doc_ref=VB-2026-000234,1
BL-000276,AP-RT-2026-000409,t3_doc_number,0.962,0.948,yes,0,doc_ref=RT-2026-000409,1
BL-000401,AP-RT-2026-000414,t3_doc_number,0.962,0.948,yes,0,doc_ref=RT-2026-000414,1
BL-000577,AP-VB-2026-000627,t3_doc_number,0.965,0.948,yes,0,doc_ref=VB-2026-000627,1
BL-000648,AP-VB-2026-000795,t3_doc_number,0.965,0.948,yes,0,doc_ref=VB-2026-000795,1
BL-000652,AR-INV-2026-000547,t3_doc_number,0.965,0.948,yes,0,doc_ref=INV-2026-000547,1
BL-000016,AR-INV-2026-000012,t3_doc_number,0.97,0.949,yes,0,doc_ref=INV-2026-000012,1
BL-000025,AP-VB-2026-000079,t3_doc_number,0.97,0.949,yes,0,doc_ref=VB-2026-000079,1
BL-000224,AP-RT-2026-000243,t3_doc_number,0.97,0.949,yes,0,doc_ref=RT-2026-000243,1
BL-000336,AP-RT-2026-000134,t3_doc_number,0.971,0.949,yes,0,doc_ref=RT-2026-000134,1
BL-000374,AP-VB-2026-000264,t3_doc_number,0.969,0.949,yes,0,doc_ref=VB-2026-000264,1
BL-000420,AR-INV-2026-000306,t3_doc_number,0.969,0.949,yes,0,doc_ref=INV-2026-000306,1
BL-000482,AR-INV-2026-000493,t3_doc_number,0.971,0.949,yes,0,doc_ref=INV-2026-000493,1
BL-000516,AP-VB-2026-000469,t3_doc_number,0.97,0.949,yes,0,doc_ref=VB-2026-000469,1
BL-000576,AP-VB-2026-000544,t3_doc_number,0.967,0.949,yes,0,doc_ref=VB-2026-000544,1
BL-000579,AP-RT-2026-000575,t3_doc_number,0.97,0.949,yes,0,doc_ref=RT-2026-000575,1
BL-000670,AP-RT-2026-000640,t3_doc_number,0.966,0.949,yes,0,doc_ref=RT-2026-000640,1
BL-000723,AP-RT-2026-000672,t3_doc_number,0.97,0.949,yes,0,doc_ref=RT-2026-000672,1
BL-000734,AR-INV-2026-000729,t3_doc_number,0.967,0.949,yes,0,doc_ref=INV-2026-000729,1
BL-000174,AP-VB-2026-000149,t3_doc_number,0.972,0.95,yes,0,doc_ref=VB-2026-000149,1
BL-000218,AP-RT-2026-000086,t3_doc_number,0.975,0.95,yes,0,doc_ref=RT-2026-000086,1
BL-000263,AP-VB-2026-000085,t3_doc_number,0.975,0.95,yes,0,doc_ref=VB-2026-000085,1
BL-000366,AR-INV-2026-000461,t3_doc_number,0.973,0.95,yes,0,doc_ref=INV-2026-000461,1
BL-000378,AP-VB-2026-000356,t3_doc_number,0.976,0.95,yes,0,doc_ref=VB-2026-000356,1
BL-000446,AP-VB-2026-000242,t3_doc_number,0.972,0.95,yes,0,doc_ref=VB-2026-000242,1
BL-000129,AR-INV-2026-000088,t3_doc_number,0.977,0.951,yes,0,doc_ref=INV-2026-000088,1
BL-000134,AP-VB-2026-000151,t3_doc_number,0.979,0.951,yes,0,doc_ref=VB-2026-000151,1
BL-000141,AP-VB-2026-000080,t3_doc_number,0.977,0.951,yes,0,doc_ref=VB-2026-000080,1
BL-000180,AR-INV-2026-000034,t3_doc_number,0.978,0.951,yes,0,doc_ref=INV-2026-000034,1
BL-000189,AR-INV-2026-000227,t3_doc_number,0.98,0.951,yes,0,doc_ref=INV-2026-000227,1
BL-000212,AR-INV-2026-000137,t3_doc_number,0.979,0.951,yes,0,doc_ref=INV-2026-000137,1
BL-000248,AR-INV-2026-000111,t3_doc_number,0.979,0.951,yes,0,doc_ref=INV-2026-000111,1
BL-000387,AP-RT-2026-000314,t3_doc_number,0.977,0.951,yes,0,doc_ref=RT-2026-000314,1
BL-000392,AR-INV-2026-000458,t3_doc_number,0.98,0.951,yes,0,doc_ref=INV-2026-000458,1
BL-000411,AR-INV-2026-000366,t3_doc_number,0.978,0.951,yes,0,doc_ref=INV-2026-000366,1
BL-000470,AP-VB-2026-000450,t3_doc_number,0.979,0.951,yes,0,doc_ref=VB-2026-000450,1
BL-000494,AR-INV-2026-000580,t3_doc_number,0.981,0.951,yes,0,doc_ref=INV-2026-000580,1
BL-000590,AR-INV-2026-000382,t3_doc_number,0.978,0.951,yes,0,doc_ref=INV-2026-000382,1
BL-000618,AP-RT-2026-000556,t3_doc_number,0.977,0.951,yes,0,doc_ref=RT-2026-000556,1
BL-000634,AP-VB-2026-000629,t3_doc_number,0.976,0.951,yes,0,doc_ref=VB-2026-000629,1
BL-000642,AR-INV-2026-000538,t3_doc_number,0.979,0.951,yes,0,doc_ref=INV-2026-000538,1
BL-000647,AP-RT-2026-000597,t3_doc_number,0.979,0.951,yes,0,doc_ref=RT-2026-000597,1
BL-000730,AP-RT-2026-000719,t3_doc_number,0.976,0.951,yes,0,doc_ref=RT-2026-000719,1
BL-000394,AR-INV-2026-000374,t2_advice_utr,1.0,0.952,no,-3291100,advice_utr=900000022592,1
BL-000073,AR-INV-2026-000035,t3_doc_number,0.986,0.952,yes,0,doc_ref=INV-2026-000035,1
BL-000149,AR-INV-2026-000183,t3_doc_number,0.986,0.952,yes,0,doc_ref=INV-2026-000183,1
BL-000221,AR-INV-2026-000182,t3_doc_number,0.986,0.952,yes,0,doc_ref=INV-2026-000182,1
BL-000262,AP-VB-2026-000296,t3_doc_number,0.984,0.952,yes,0,doc_ref=VB-2026-000296,1
BL-000288,AR-INV-2026-000420,t3_doc_number,0.986,0.952,yes,0,doc_ref=INV-2026-000420,1
BL-000368,AR-INV-2026-000454,t3_doc_number,0.983,0.952,yes,0,doc_ref=INV-2026-000454,1
BL-000381,AR-INV-2026-000110,t3_doc_number,0.987,0.952,yes,0,doc_ref=INV-2026-000110,1
BL-000432,AR-INV-2026-000445,t3_doc_number,0.986,0.952,yes,0,doc_ref=INV-2026-000445,1
BL-000433,AR-INV-2026-000419,t3_doc_number,0.984,0.952,yes,0,doc_ref=INV-2026-000419,1
BL-000497,AR-INV-2026-000250,t3_doc_number,0.984,0.952,yes,0,doc_ref=INV-2026-000250,1
BL-000511,AR-INV-2026-000592,t3_doc_number,0.984,0.952,yes,0,doc_ref=INV-2026-000592,1
BL-000582,AP-RT-2026-000423,t3_doc_number,0.982,0.952,yes,0,doc_ref=RT-2026-000423,1
BL-000721,AR-INV-2026-000747,t3_doc_number,0.982,0.952,yes,0,doc_ref=INV-2026-000747,1
BL-000637,AR-INV-2026-000316,t2_advice_utr,1.0,0.953,no,-346900,advice_utr=900000019933,1
BL-000196,AP-VB-2026-000077,t3_doc_number,0.987,0.953,yes,0,doc_ref=VB-2026-000077,1
BL-000363,AR-INV-2026-000224,t3_doc_number,0.989,0.953,yes,0,doc_ref=INV-2026-000224,1
BL-000375,AP-VB-2026-000320,t3_doc_number,0.992,0.953,yes,0,doc_ref=VB-2026-000320,1
BL-000380,AR-INV-2026-000259,t3_doc_number,0.987,0.953,yes,0,doc_ref=INV-2026-000259,1
BL-000435,AP-VB-2026-000390,t3_doc_number,0.987,0.953,yes,0,doc_ref=VB-2026-000390,1
BL-000484,AP-VB-2026-000408,t3_doc_number,0.987,0.953,yes,0,doc_ref=VB-2026-000408,1
BL-000521,AR-INV-2026-000122,t3_doc_number,0.987,0.953,yes,0,doc_ref=INV-2026-000122,1
BL-000531,AP-RT-2026-000318,t3_doc_number,0.987,0.953,yes,0,doc_ref=RT-2026-000318,1
BL-000578,AP-RT-2026-000430,t3_doc_number,0.987,0.953,yes,0,doc_ref=RT-2026-000430,1
BL-000082,AR-INV-2026-000029,t3_doc_number,0.993,0.954,yes,0,doc_ref=INV-2026-000029,1
BL-000732,AR-INV-2026-000554,t2_advice_utr,1.0,0.955,no,-122300,advice_utr=900000030362,1
BL-000015,AR-INV-2026-000017,t3_doc_number,1.0,0.955,yes,0,doc_ref=INV-2026-000017,1
BL-000037,AP-RT-2026-000028,t3_doc_number,1.0,0.955,yes,0,doc_ref=RT-2026-000028,1
BL-000063,AP-RT-2026-000008,t3_doc_number,1.0,0.955,yes,0,doc_ref=RT-2026-000008,1
BL-000103,AP-RT-2026-000059,t3_doc_number,1.0,0.955,yes,0,doc_ref=RT-2026-000059,1
BL-000131,AP-RT-2026-000015,t3_doc_number,1.0,0.955,yes,0,doc_ref=RT-2026-000015,1
BL-000153,AR-INV-2026-000210,t3_doc_number,1.0,0.955,yes,0,doc_ref=INV-2026-000210,1
BL-000165,AR-INV-2026-000201,t3_doc_number,1.0,0.955,yes,0,doc_ref=INV-2026-000201,1
BL-000168,AP-RT-2026-000152,t3_doc_number,1.0,0.955,yes,0,doc_ref=RT-2026-000152,1
BL-000183,AP-RT-2026-000129,t3_doc_number,1.0,0.955,yes,0,doc_ref=RT-2026-000129,1
BL-000195,AR-INV-2026-000207,t3_doc_number,1.0,0.955,yes,0,doc_ref=INV-2026-000207,1
BL-000239,AR-INV-2026-000213,t3_doc_number,1.0,0.955,yes,0,doc_ref=INV-2026-000213,1
BL-000269,AR-INV-2026-000285,t3_doc_number,1.0,0.955,yes,0,doc_ref=INV-2026-000285,1
BL-000278,AP-VB-2026-000273,t3_doc_number,1.0,0.955,yes,0,doc_ref=VB-2026-000273,1
BL-000302,AP-VB-2026-000266,t3_doc_number,1.0,0.955,yes,0,doc_ref=VB-2026-000266,1
BL-000359,AP-RT-2026-000327,t3_doc_number,1.0,0.955,yes,0,doc_ref=RT-2026-000327,1
BL-000371,AR-INV-2026-000548,t3_doc_number,1.0,0.955,yes,0,doc_ref=INV-2026-000548,1
BL-000377,AP-VB-2026-000283,t3_doc_number,1.0,0.955,yes,0,doc_ref=VB-2026-000283,1
BL-000383,AR-INV-2026-000416,t3_doc_number,1.0,0.955,yes,0,doc_ref=INV-2026-000416,1
BL-000386,AP-RT-2026-000357,t3_doc_number,1.0,0.955,yes,0,doc_ref=RT-2026-000357,1
BL-000389,AP-VB-2026-000360,t3_doc_number,1.0,0.955,yes,0,doc_ref=VB-2026-000360,1
BL-000400,AR-INV-2026-000271,t3_doc_number,1.0,0.955,yes,0,doc_ref=INV-2026-000271,1
BL-000405,AR-INV-2026-000225,t3_doc_number,1.0,0.955,yes,0,doc_ref=INV-2026-000225,1
BL-000416,AP-RT-2026-000194,t3_doc_number,1.0,0.955,yes,0,doc_ref=RT-2026-000194,1
BL-000424,AP-RT-2026-000375,t3_doc_number,1.0,0.955,yes,0,doc_ref=RT-2026-000375,1
BL-000426,AP-RT-2026-000415,t3_doc_number,1.0,0.955,yes,0,doc_ref=RT-2026-000415,1
BL-000442,AR-INV-2026-000429,t3_doc_number,1.0,0.955,yes,0,doc_ref=INV-2026-000429,1
BL-000445,AP-VB-2026-000391,t3_doc_number,1.0,0.955,yes,0,doc_ref=VB-2026-000391,1
BL-000450,AR-INV-2026-000473,t3_doc_number,1.0,0.955,yes,0,doc_ref=INV-2026-000473,1
BL-000478,AR-INV-2026-000295,t3_doc_number,1.0,0.955,yes,0,doc_ref=INV-2026-000295,1
BL-000480,AR-INV-2026-000463,t3_doc_number,1.0,0.955,yes,0,doc_ref=INV-2026-000463,1
BL-000483,AP-RT-2026-000451,t3_doc_number,1.0,0.955,yes,0,doc_ref=RT-2026-000451,1
BL-000554,AP-VB-2026-000465,t3_doc_number,1.0,0.955,yes,0,doc_ref=VB-2026-000465,1
BL-000555,AP-RT-2026-000281,t3_doc_number,1.0,0.955,yes,0,doc_ref=RT-2026-000281,1
BL-000591,AR-INV-2026-000383,t3_doc_number,1.0,0.955,yes,0,doc_ref=INV-2026-000383,1
BL-000595,AR-INV-2026-000614,t3_doc_number,1.0,0.955,yes,0,doc_ref=INV-2026-000614,1
BL-000624,AP-VB-2026-000348,t3_doc_number,1.0,0.955,yes,0,doc_ref=VB-2026-000348,1
BL-000630,AR-INV-2026-000595,t3_doc_number,1.0,0.955,yes,0,doc_ref=INV-2026-000595,1
BL-000644,AR-INV-2026-000573,t3_doc_number,1.0,0.955,yes,0,doc_ref=INV-2026-000573,1
BL-000703,AR-INV-2026-000642,t3_doc_number,1.0,0.955,yes,0,doc_ref=INV-2026-000642,1
BL-000713,AR-INV-2026-000652,t3_doc_number,1.0,0.955,yes,0,doc_ref=INV-2026-000652,1
BL-000714,AR-INV-2026-000763,t3_doc_number,1.0,0.955,yes,0,doc_ref=INV-2026-000763,1
BL-000722,AR-INV-2026-000666,t3_doc_number,1.0,0.955,yes,0,doc_ref=INV-2026-000666,1
BL-000569,AR-INV-2026-000593,t2_advice_utr,1.0,0.956,no,-3102600,advice_utr=900000031821,1
BL-000399,AR-INV-2026-000073,t2_advice_utr,1.0,0.958,no,-308700,advice_utr=900000009158,1
BL-000022,AR-INV-2026-000048,t2_advice_utr,1.0,0.962,yes,0,advice_utr=900000008039,1
BL-000053,AR-INV-2026-000081,t2_advice_utr,1.0,0.962,yes,0,advice_utr=900000009557,1
BL-000066,AR-INV-2026-000082,t2_advice_utr,1.0,0.962,yes,0,advice_utr=900000009632,1
BL-000068,AR-INV-2026-000005,t2_advice_utr,1.0,0.962,yes,0,advice_utr=900000005741,1
BL-000074,AR-INV-2026-000121,t2_advice_utr,1.0,0.962,yes,0,advice_utr=900000011170,1
BL-000089,AR-INV-2026-000050,t2_advice_utr,1.0,0.962,yes,0,advice_utr=900000008102,1
BL-000093,AR-INV-2026-000040,t2_advice_utr,1.0,0.962,yes,0,advice_utr=900000007801,1
BL-000096,AR-INV-2026-000031,t2_advice_utr,1.0,0.962,yes,0,advice_utr=900000007161,1
BL-000100,AR-INV-2026-000083,t2_advice_utr,1.0,0.962,yes,0,advice_utr=900000009684,1
BL-000109,AR-INV-2026-000112,t2_advice_utr,1.0,0.962,yes,0,advice_utr=900000010780,1
BL-000110,AR-INV-2026-000093,t2_advice_utr,1.0,0.962,yes,0,advice_utr=900000010222,1
BL-000116,AR-INV-2026-000032,t2_advice_utr,1.0,0.962,yes,0,advice_utr=900000007213,1
BL-000123,AR-INV-2026-000113,t2_advice_utr,1.0,0.962,yes,0,advice_utr=900000010781,1
BL-000128,AR-INV-2026-000135,t2_advice_utr,1.0,0.962,yes,0,advice_utr=900000012118,1
BL-000147,AR-INV-2026-000229,t2_advice_utr,1.0,0.962,yes,0,advice_utr=900000016504,1
BL-000151,AR-INV-2026-000156,t2_advice_utr,1.0,0.962,yes,0,advice_utr=900000013400,1
BL-000163,AR-INV-2026-000212,t2_advice_utr,1.0,0.962,yes,0,advice_utr=900000015829,1
BL-000164,AR-INV-2026-000095,t2_advice_utr,1.0,0.962,yes,0,advice_utr=900000010302,1
BL-000187,AR-INV-2026-000205,t2_advice_utr,1.0,0.962,yes,0,advice_utr=900000015466,1
BL-000203,AR-INV-2026-000163,t2_advice_utr,1.0,0.962,yes,0,advice_utr=900000013742,1
BL-000240,AR-INV-2026-000226,t2_advice_utr,1.0,0.962,yes,0,advice_utr=900000016347,1
BL-000254,AR-INV-2026-000211,t2_advice_utr,1.0,0.962,yes,0,advice_utr=900000015806,1
BL-000273,AR-INV-2026-000324,t2_advice_utr,1.0,0.962,yes,0,advice_utr=900000020363,1
BL-000283,AR-INV-2026-000457,t2_advice_utr,1.0,0.962,yes,0,advice_utr=900000026021,1
BL-000285,AR-INV-2026-000331,t2_advice_utr,1.0,0.962,yes,0,advice_utr=900000020632,1
BL-000293,AR-INV-2026-000303,t2_advice_utr,1.0,0.962,yes,0,advice_utr=900000019382,1
BL-000311,AR-INV-2026-000140,t2_advice_utr,1.0,0.962,yes,0,advice_utr=900000012437,1
BL-000313,AR-INV-2026-000372,t2_advice_utr,1.0,0.962,yes,0,advice_utr=900000022465,1
BL-000339,AR-INV-2026-000343,t2_advice_utr,1.0,0.962,yes,0,advice_utr=900000021057,1
BL-000340,AR-INV-2026-000142,t2_advice_utr,1.0,0.962,yes,0,advice_utr=900000012519,1
BL-000343,AR-INV-2026-000286,t2_advice_utr,1.0,0.962,yes,0,advice_utr=900000018763,1
BL-000346,AR-INV-2026-000344,t2_advice_utr,1.0,0.962,yes,0,advice_utr=900000021102,1
BL-000347,AR-INV-2026-000385,t2_advice_utr,1.0,0.962,yes,0,advice_utr=900000022952,1
BL-000358,AR-INV-2026-000317,t2_advice_utr,1.0,0.962,yes,0,advice_utr=900000020022,1
BL-000367,AR-INV-2026-000349,t2_advice_utr,1.0,0.962,yes,0,advice_utr=900000021417,1
BL-000369,AR-INV-2026-000402,t2_advice_utr,1.0,0.962,yes,0,advice_utr=900000023632,1
BL-000410,AR-INV-2026-000251,t2_advice_utr,1.0,0.962,yes,0,advice_utr=900000017298,1
BL-000419,AR-INV-2026-000105,t2_advice_utr,1.0,0.962,yes,0,advice_utr=900000010565,1
BL-000421,AR-INV-2026-000401,t2_advice_utr,1.0,0.962,yes,0,advice_utr=900000023592,1
BL-000423,AR-INV-2026-000443,t2_advice_utr,1.0,0.962,yes,0,advice_utr=900000025427,1
BL-000430,AR-INV-2026-000232,t2_advice_utr,1.0,0.962,yes,0,advice_utr=900000016708,1
BL-000449,AR-INV-2026-000472,t2_advice_utr,1.0,0.962,yes,0,advice_utr=900000026917,1
BL-000458,AR-INV-2026-000507,t2_advice_utr,1.0,0.962,yes,0,advice_utr=900000028413,1
BL-000459,AR-INV-2026-000444,t2_advice_utr,1.0,0.962,yes,0,advice_utr=900000025521,1
BL-000463,AR-INV-2026-000400,t2_advice_utr,1.0,0.962,yes,0,advice_utr=900000023516,1
BL-000476,AR-INV-2026-000293,t2_advice_utr,1.0,0.962,yes,0,advice_utr=900000019072,1
BL-000477,AR-INV-2026-000516,t2_advice_utr,1.0,0.962,yes,0,advice_utr=900000028819,1
BL-000507,AR-INV-2026-000164,t2_advice_utr,1.0,0.962,yes,0,advice_utr=900000013825,1
BL-000514,AR-INV-2026-000446,t2_advice_utr,1.0,0.962,yes,0,advice_utr=900000025654,1
BL-000535,AR-INV-2026-000519,t2_advice_utr,1.0,0.962,yes,0,advice_utr=900000029066,1
BL-000539,AR-INV-2026-000521,t2_advice_utr,1.0,0.962,yes,0,advice_utr=900000029074,1
BL-000541,AR-INV-2026-000571,t2_advice_utr,1.0,0.962,yes,0,advice_utr=900000031133,1
BL-000545,AR-INV-2026-000528,t2_advice_utr,1.0,0.962,yes,0,advice_utr=900000029406,1
BL-000551,AR-INV-2026-000523,t2_advice_utr,1.0,0.962,yes,0,advice_utr=900000029231,1
BL-000557,AR-INV-2026-000292,t2_advice_utr,1.0,0.962,yes,0,advice_utr=900000019039,1
BL-000560,AR-INV-2026-000530,t2_advice_utr,1.0,0.962,yes,0,advice_utr=900000029520,1
BL-000564,AR-INV-2026-000565,t2_advice_utr,1.0,0.962,yes,0,advice_utr=900000030746,1
BL-000588,AR-INV-2026-000537,t2_advice_utr,1.0,0.962,yes,0,advice_utr=900000029719,1
BL-000589,AR-INV-2026-000518,t2_advice_utr,1.0,0.962,yes,0,advice_utr=900000028981,1
BL-000596,AR-INV-2026-000643,t2_advice_utr,1.0,0.962,yes,0,advice_utr=900000033202,1
BL-000598,AR-INV-2026-000388,t2_advice_utr,1.0,0.962,yes,0,advice_utr=900000023010,1
BL-000599,AR-INV-2026-000328,t2_advice_utr,1.0,0.962,yes,0,advice_utr=900000020605,1
BL-000601,AR-INV-2026-000644,t2_advice_utr,1.0,0.962,yes,0,advice_utr=900000033282,1
BL-000609,AR-INV-2026-000553,t2_advice_utr,1.0,0.962,yes,0,advice_utr=900000030276,1
BL-000631,AR-INV-2026-000608,t2_advice_utr,1.0,0.962,yes,0,advice_utr=900000032185,1
BL-000663,AR-INV-2026-000631,t2_advice_utr,1.0,0.962,yes,0,advice_utr=900000032895,1
BL-000664,AR-INV-2026-000365,t2_advice_utr,1.0,0.962,yes,0,advice_utr=900000022161,1
BL-000666,AR-INV-2026-000676,t2_advice_utr,1.0,0.962,yes,0,advice_utr=900000033798,1
BL-000667,AR-INV-2026-000675,t2_advice_utr,1.0,0.962,yes,0,advice_utr=900000033736,1
BL-000673,AR-INV-2026-000791,t2_advice_utr,1.0,0.962,yes,0,advice_utr=900000035195,1
BL-000677,AR-INV-2026-000706,t2_advice_utr,1.0,0.962,yes,0,advice_utr=900000034296,1
BL-000683,AR-INV-2026-000720,t2_advice_utr,1.0,0.962,yes,0,advice_utr=900000034570,1
BL-000686,AR-INV-2026-000684,t2_advice_utr,1.0,0.962,yes,0,advice_utr=900000034066,1
BL-000687,AR-INV-2026-000664,t2_advice_utr,1.0,0.962,yes,0,advice_utr=900000033511,1
BL-000700,AR-INV-2026-000624,t2_advice_utr,1.0,0.962,yes,0,advice_utr=900000032629,1
BL-000701,AR-INV-2026-000731,t2_advice_utr,1.0,0.962,yes,0,advice_utr=900000034907,1
BL-000702,AR-INV-2026-000715,t2_advice_utr,1.0,0.962,yes,0,advice_utr=900000034344,1
BL-000709,AR-INV-2026-000703,t2_advice_utr,1.0,0.962,yes,0,advice_utr=900000034216,1
BL-000715,AR-INV-2026-000497,t2_advice_utr,1.0,0.962,yes,0,advice_utr=900000027993,1
BL-000718,AR-INV-2026-000716,t2_advice_utr,1.0,0.962,yes,0,advice_utr=900000034400,1
BL-000720,AR-INV-2026-000757,t2_advice_utr,1.0,0.962,yes,0,advice_utr=900000035125,1
BL-000726,AR-INV-2026-000611,t2_advice_utr,1.0,0.962,yes,0,advice_utr=900000032276,1
BL-000004,SETL-setl_00000002,t1_settlement,1.0,0.985,yes,0,payout_utr=900000000095,1
BL-000005,SETL-setl_00000001,t1_settlement,1.0,0.985,yes,0,payout_utr=900000000019,1
BL-000006,SETL-setl_00000003,t1_settlement,1.0,0.985,yes,0,payout_utr=900000000177,1
BL-000007,SETL-setl_00000004,t1_settlement,1.0,0.985,yes,0,payout_utr=900000000226,1
BL-000008,SETL-setl_00000005,t1_settlement,1.0,0.985,yes,0,payout_utr=900000000252,1
BL-000009,SETL-setl_00000006,t1_settlement,1.0,0.985,yes,0,payout_utr=900000000303,1
BL-000010,SETL-setl_00000007,t1_settlement,1.0,0.985,yes,0,payout_utr=900000000338,1
BL-000011,SETL-setl_00000008,t1_settlement,1.0,0.985,yes,0,payout_utr=900000000359,1
BL-000012,SETL-setl_00000009,t1_settlement,1.0,0.985,yes,0,payout_utr=900000000396,1
BL-000014,SETL-setl_00000010,t1_settlement,1.0,0.985,yes,0,payout_utr=900000000462,1
BL-000018,SETL-setl_00000011,t1_settlement,1.0,0.985,yes,0,payout_utr=900000000480,1
BL-000020,SETL-setl_00000012,t1_settlement,1.0,0.985,yes,0,payout_utr=900000000482,1
BL-000021,SETL-setl_00000013,t1_settlement,1.0,0.985,yes,0,payout_utr=900000000562,1
BL-000023,SETL-setl_00000015,t1_settlement,1.0,0.985,yes,0,payout_utr=900000000739,1
BL-000024,SETL-setl_00000014,t1_settlement,1.0,0.985,yes,0,payout_utr=900000000647,1
BL-000026,SETL-setl_00000016,t1_settlement,1.0,0.985,yes,0,payout_utr=900000000829,1
BL-000029,SETL-setl_00000017,t1_settlement,1.0,0.985,yes,0,payout_utr=900000000894,1
BL-000032,SETL-setl_00000018,t1_settlement,1.0,0.985,yes,0,payout_utr=900000000922,1
BL-000034,SETL-setl_00000019,t1_settlement,1.0,0.985,yes,0,payout_utr=900000000970,1
BL-000036,SETL-setl_00000020,t1_settlement,1.0,0.985,yes,0,payout_utr=900000001007,1
BL-000039,SETL-setl_00000022,t1_settlement,1.0,0.985,yes,0,payout_utr=900000001043,1
BL-000043,SETL-setl_00000021,t1_settlement,1.0,0.985,yes,0,payout_utr=900000001032,1
BL-000050,SETL-setl_00000023,t1_settlement,1.0,0.985,yes,0,payout_utr=900000001101,1
BL-000052,SETL-setl_00000024,t1_settlement,1.0,0.985,yes,0,payout_utr=900000001144,1
BL-000057,SETL-setl_00000025,t1_settlement,1.0,0.985,yes,0,payout_utr=900000001162,1
BL-000064,SETL-setl_00000026,t1_settlement,1.0,0.985,yes,0,payout_utr=900000001173,1
BL-000067,SETL-setl_00000027,t1_settlement,1.0,0.985,yes,0,payout_utr=900000001241,1
BL-000072,SETL-setl_00000029,t1_settlement,1.0,0.985,yes,0,payout_utr=900000001309,1
BL-000075,SETL-setl_00000028,t1_settlement,1.0,0.985,yes,0,payout_utr=900000001275,1
BL-000079,SETL-setl_00000030,t1_settlement,1.0,0.985,yes,0,payout_utr=900000001327,1
BL-000084,SETL-setl_00000031,t1_settlement,1.0,0.985,yes,0,payout_utr=900000001332,1
BL-000090,SETL-setl_00000032,t1_settlement,1.0,0.985,yes,0,payout_utr=900000001392,1
BL-000095,SETL-setl_00000033,t1_settlement,1.0,0.985,yes,0,payout_utr=900000001458,1
BL-000099,SETL-setl_00000034,t1_settlement,1.0,0.985,yes,0,payout_utr=900000001485,1
BL-000107,SETL-setl_00000036,t1_settlement,1.0,0.985,yes,0,payout_utr=900000001551,1
BL-000108,SETL-setl_00000035,t1_settlement,1.0,0.985,yes,0,payout_utr=900000001522,1
BL-000111,SETL-setl_00000037,t1_settlement,1.0,0.985,yes,0,payout_utr=900000001559,1
BL-000115,SETL-setl_00000038,t1_settlement,1.0,0.985,yes,0,payout_utr=900000001626,1
BL-000120,SETL-setl_00000039,t1_settlement,1.0,0.985,yes,0,payout_utr=900000001714,1
BL-000127,SETL-setl_00000040,t1_settlement,1.0,0.985,yes,0,payout_utr=900000001726,1
BL-000137,SETL-setl_00000041,t1_settlement,1.0,0.985,yes,0,payout_utr=900000001810,1
BL-000142,SETL-setl_00000043,t1_settlement,1.0,0.985,yes,0,payout_utr=900000001933,1
BL-000144,SETL-setl_00000042,t1_settlement,1.0,0.985,yes,0,payout_utr=900000001887,1
BL-000152,SETL-setl_00000044,t1_settlement,1.0,0.985,yes,0,payout_utr=900000002011,1
BL-000155,SETL-setl_00000045,t1_settlement,1.0,0.985,yes,0,payout_utr=900000002025,1
BL-000162,SETL-setl_00000046,t1_settlement,1.0,0.985,yes,0,payout_utr=900000002049,1
BL-000172,SETL-setl_00000047,t1_settlement,1.0,0.985,yes,0,payout_utr=900000002142,1
BL-000176,SETL-setl_00000048,t1_settlement,1.0,0.985,yes,0,payout_utr=900000002206,1
BL-000186,SETL-setl_00000050,t1_settlement,1.0,0.985,yes,0,payout_utr=900000002277,1
BL-000190,SETL-setl_00000049,t1_settlement,1.0,0.985,yes,0,payout_utr=900000002228,1
BL-000198,SETL-setl_00000051,t1_settlement,1.0,0.985,yes,0,payout_utr=900000002368,1
BL-000202,SETL-setl_00000052,t1_settlement,1.0,0.985,yes,0,payout_utr=900000002393,1
BL-000208,SETL-setl_00000053,t1_settlement,1.0,0.985,yes,0,payout_utr=900000002478,1
BL-000219,SETL-setl_00000054,t1_settlement,1.0,0.985,yes,0,payout_utr=900000002547,1
BL-000226,SETL-setl_00000055,t1_settlement,1.0,0.985,yes,0,payout_utr=900000002623,1
BL-000236,SETL-setl_00000057,t1_settlement,1.0,0.985,yes,0,payout_utr=900000002748,1
BL-000237,SETL-setl_00000056,t1_settlement,1.0,0.985,yes,0,payout_utr=900000002678,1
BL-000253,SETL-setl_00000058,t1_settlement,1.0,0.985,yes,0,payout_utr=900000002843,1
BL-000258,SETL-setl_00000059,t1_settlement,1.0,0.985,yes,0,payout_utr=900000002869,1
BL-000265,SETL-setl_00000060,t1_settlement,1.0,0.985,yes,0,payout_utr=900000002934,1
BL-000270,SETL-setl_00000061,t1_settlement,1.0,0.985,yes,0,payout_utr=900000003021,1
BL-000284,SETL-setl_00000062,t1_settlement,1.0,0.985,yes,0,payout_utr=900000003058,1
BL-000298,SETL-setl_00000063,t1_settlement,1.0,0.985,yes,0,payout_utr=900000003089,1
BL-000307,SETL-setl_00000064,t1_settlement,1.0,0.985,yes,0,payout_utr=900000003113,1
BL-000310,SETL-setl_00000065,t1_settlement,1.0,0.985,yes,0,payout_utr=900000003178,1
BL-000315,SETL-setl_00000066,t1_settlement,1.0,0.985,yes,0,payout_utr=900000003269,1
BL-000321,SETL-setl_00000067,t1_settlement,1.0,0.985,yes,0,payout_utr=900000003341,1
BL-000337,SETL-setl_00000069,t1_settlement,1.0,0.985,yes,0,payout_utr=900000003417,1
BL-000338,SETL-setl_00000068,t1_settlement,1.0,0.985,yes,0,payout_utr=900000003386,1
BL-000356,SETL-setl_00000070,t1_settlement,1.0,0.985,yes,0,payout_utr=900000003495,1
BL-000364,SETL-setl_00000071,t1_settlement,1.0,0.985,yes,0,payout_utr=900000003531,1
BL-000379,SETL-setl_00000072,t1_settlement,1.0,0.985,yes,0,payout_utr=900000003600,1
BL-000391,SETL-setl_00000073,t1_settlement,1.0,0.985,yes,0,payout_utr=900000003651,1
BL-000398,SETL-setl_00000074,t1_settlement,1.0,0.985,yes,0,payout_utr=900000003717,1
BL-000403,SETL-setl_00000076,t1_settlement,1.0,0.985,yes,0,payout_utr=900000003811,1
BL-000404,SETL-setl_00000075,t1_settlement,1.0,0.985,yes,0,payout_utr=900000003751,1
BL-000418,SETL-setl_00000077,t1_settlement,1.0,0.985,yes,0,payout_utr=900000003844,1
BL-000431,SETL-setl_00000078,t1_settlement,1.0,0.985,yes,0,payout_utr=900000003905,1
BL-000438,SETL-setl_00000079,t1_settlement,1.0,0.985,yes,0,payout_utr=900000003999,1
BL-000447,SETL-setl_00000080,t1_settlement,1.0,0.985,yes,0,payout_utr=900000004081,1
BL-000457,SETL-setl_00000081,t1_settlement,1.0,0.985,yes,0,payout_utr=900000004102,1
BL-000474,SETL-setl_00000083,t1_settlement,1.0,0.985,yes,0,payout_utr=900000004221,1
BL-000475,SETL-setl_00000082,t1_settlement,1.0,0.985,yes,0,payout_utr=900000004178,1
BL-000492,SETL-setl_00000084,t1_settlement,1.0,0.985,yes,0,payout_utr=900000004309,1
BL-000500,SETL-setl_00000085,t1_settlement,1.0,0.985,yes,0,payout_utr=900000004312,1
BL-000506,SETL-setl_00000086,t1_settlement,1.0,0.985,yes,0,payout_utr=900000004374,1
BL-000522,SETL-setl_00000087,t1_settlement,1.0,0.985,yes,0,payout_utr=900000004459,1
BL-000534,SETL-setl_00000089,t1_settlement,1.0,0.985,yes,0,payout_utr=900000004602,1
BL-000537,SETL-setl_00000088,t1_settlement,1.0,0.985,yes,0,payout_utr=900000004553,1
BL-000556,SETL-setl_00000090,t1_settlement,1.0,0.985,yes,0,payout_utr=900000004630,1
BL-000563,SETL-setl_00000091,t1_settlement,1.0,0.985,yes,0,payout_utr=900000004697,1
BL-000575,SETL-setl_00000092,t1_settlement,1.0,0.985,yes,0,payout_utr=900000004744,1
BL-000584,SETL-setl_00000095,t1_settlement,1.0,0.985,yes,0,payout_utr=900000004858,1
BL-000585,SETL-setl_00000093,t1_settlement,1.0,0.985,yes,0,payout_utr=900000004802,1
BL-000587,SETL-setl_00000094,t1_settlement,1.0,0.985,yes,0,payout_utr=900000004845,1
BL-000607,SETL-setl_00000096,t1_settlement,1.0,0.985,yes,0,payout_utr=900000004927,1
BL-000613,SETL-setl_00000097,t1_settlement,1.0,0.985,yes,0,payout_utr=900000004980,1
BL-000622,SETL-setl_00000098,t1_settlement,1.0,0.985,yes,0,payout_utr=900000005070,1
BL-000629,SETL-setl_00000099,t1_settlement,1.0,0.985,yes,0,payout_utr=900000005086,1
BL-000638,SETL-setl_00000100,t1_settlement,1.0,0.985,yes,0,payout_utr=900000005099,1
BL-000651,SETL-setl_00000101,t1_settlement,1.0,0.985,yes,0,payout_utr=900000005115,1
BL-000658,SETL-setl_00000102,t1_settlement,1.0,0.985,yes,0,payout_utr=900000005127,1
BL-000662,SETL-setl_00000103,t1_settlement,1.0,0.985,yes,0,payout_utr=900000005188,1
BL-000672,SETL-setl_00000104,t1_settlement,1.0,0.985,yes,0,payout_utr=900000005210,1
BL-000684,SETL-setl_00000105,t1_settlement,1.0,0.985,yes,0,payout_utr=900000005233,1
BL-000695,SETL-setl_00000107,t1_settlement,1.0,0.985,yes,0,payout_utr=900000005321,1
BL-000696,SETL-setl_00000106,t1_settlement,1.0,0.985,yes,0,payout_utr=900000005313,1
BL-000712,SETL-setl_00000108,t1_settlement,1.0,0.985,yes,0,payout_utr=900000005390,1
BL-000719,SETL-setl_00000109,t1_settlement,1.0,0.985,yes,0,payout_utr=900000005441,1
BL-000725,SETL-setl_00000110,t1_settlement,1.0,0.985,yes,0,payout_utr=900000005455,1
BL-000733,SETL-setl_00000111,t1_settlement,1.0,0.985,yes,0,payout_utr=900000005511,1
