settlement_id,settled_on,payout_utr,batch_type,txn_count,gross_amount,commission_amount,tmn_amount,gst_amount,tds_amount,net_amount,scheduled_id
setl_00000001,2026-03-11,900000000056,regular,47,129300.00,2359.28,1.29,424.90,47.18,125032.72,stl_sch_000001
setl_00000002,2026-03-12,900000000087,regular,42,107582.00,1989.53,1.07,358.30,39.79,104336.56,stl_sch_000002
setl_00000003,2026-03-13,900000000173,regular,48,148210.00,2742.60,1.48,493.93,54.85,137844.16,stl_sch_000003
setl_00000004,2026-03-14,900000000187,regular,47,149008.00,2523.61,1.49,454.51,50.47,142430.60,stl_sch_000004
setl_00000005,2026-03-16,900000000266,regular,52,148021.00,2960.42,1.48,533.14,59.20,143321.57,stl_sch_000005
setl_00000006,2026-03-16,900000000355,regular,17,52488.00,932.66,0.52,167.97,18.65,51368.20,stl_sch_000006
setl_00000007,2026-03-18,900000000403,regular,43,114776.00,2098.83,1.14,377.99,41.97,111925.43,stl_sch_000007
setl_00000008,2026-03-19,900000000474,regular,55,166111.00,2926.73,1.66,527.11,58.53,152556.32,stl_sch_000008
setl_00000009,2026-03-20,900000000561,regular,54,143657.00,2659.30,1.43,478.93,53.18,135435.06,stl_sch_000009
setl_00000010,2026-03-21,900000000628,regular,36,118561.00,2252.48,1.18,405.65,45.04,113642.54,stl_sch_000010
setl_00000011,2026-03-23,900000000712,regular,36,105134.00,1954.64,1.05,352.02,39.09,101310.06,stl_sch_000011
setl_00000012,2026-03-23,900000000786,regular,2,4797.00,65.89,0.04,11.86,1.31,4717.90,stl_sch_000012
setl_00000013,2026-03-24,900000000801,regular,7,19438.00,277.14,0.19,49.91,5.54,18284.87,stl_sch_000013
setl_00000014,2026-03-25,900000000846,regular,45,135131.00,2285.39,1.35,411.61,45.70,132386.95,stl_sch_000014
setl_00000015,2026-03-26,900000000858,regular,45,126677.00,2324.76,1.26,418.68,46.49,123885.81,stl_sch_000015
setl_00000016,2026-03-27,900000000888,regular,57,161169.00,2893.21,1.61,521.06,57.86,156225.19,stl_sch_000016
setl_00000017,2026-03-28,900000000963,regular,68,210696.00,3944.46,2.10,710.38,78.88,203356.74,stl_sch_000017
setl_00000018,2026-03-30,900000001060,regular,80,242237.00,4209.75,2.42,758.19,84.19,235962.39,stl_sch_000018
setl_00000019,2026-03-30,900000001093,regular,31,90548.00,1684.16,0.90,303.31,33.68,88525.95,stl_sch_000019
setl_00000020,2026-03-31,900000001106,regular,7,17139.00,342.78,0.17,61.73,6.85,16727.47,stl_sch_000020
setl_00000021,2026-04-01,900000001192,regular,63,172222.00,3151.97,1.72,567.66,63.03,167648.18,stl_sch_000021
setl_00000022,2026-04-02,900000001289,regular,58,160941.00,3055.60,1.60,550.29,61.11,150990.59,stl_sch_000022
setl_00000023,2026-04-03,900000001306,regular,55,179141.00,3209.00,1.79,577.94,64.18,170048.09,stl_sch_000023
setl_00000024,2026-04-04,900000001341,regular,32,92533.00,1751.13,0.92,315.36,35.02,83184.30,stl_sch_000024
setl_00000025,2026-04-06,900000001369,regular,45,139114.00,2546.11,1.39,458.55,50.92,133451.83,stl_sch_000025
setl_00000026,2026-04-06,900000001409,regular,5,18787.00,375.74,0.18,67.66,7.51,17381.79,stl_sch_000026
setl_00000027,2026-04-08,900000001423,regular,27,96935.00,1839.57,0.96,331.29,36.79,90739.26,stl_sch_000027
setl_00000028,2026-04-09,900000001482,regular,32,102276.00,1869.85,1.02,336.75,37.39,99477.77,stl_sch_000028
setl_00000029,2026-04-10,900000001515,regular,30,81848.00,1453.84,0.81,261.83,29.07,79254.28,stl_sch_000029
setl_00000030,2026-04-11,900000001584,regular,46,135279.00,2560.34,1.35,461.10,51.20,130940.66,stl_sch_000030
setl_00000031,2026-04-13,900000001621,regular,40,103146.00,1904.96,1.03,343.07,38.09,97995.59,stl_sch_000031
setl_00000032,2026-04-13,900000001646,regular,7,18747.00,327.40,0.18,58.96,6.54,18353.92,stl_sch_000032
setl_00000033,2026-04-14,900000001689,regular,10,25841.00,501.86,0.25,90.37,10.03,25238.49,stl_sch_000033
setl_00000034,2026-04-15,900000001754,regular,41,119829.00,2273.23,1.19,409.39,45.46,112171.18,stl_sch_000034
setl_00000035,2026-04-16,900000001804,regular,32,103240.00,1996.18,1.03,359.49,39.92,100843.38,stl_sch_000035
setl_00000036,2026-04-17,900000001873,regular,36,115005.00,2126.09,1.15,382.90,42.52,110845.95,stl_sch_000036
setl_00000037,2026-04-18,900000001939,regular,32,92356.00,1655.03,0.92,298.07,33.10,87886.96,stl_sch_000037
setl_00000038,2026-04-20,900000001950,regular,42,121208.00,2188.96,1.21,394.23,43.77,117285.68,stl_sch_000038
setl_00000039,2026-04-20,900000001968,regular,13,42248.00,844.96,0.42,152.16,16.89,41233.57,stl_sch_000039
setl_00000040,2026-04-21,900000002005,regular,19,48233.00,964.66,0.48,173.72,19.29,45505.36,stl_sch_000040
setl_00000041,2026-04-22,900000002091,regular,47,137670.00,2428.03,1.37,437.29,48.56,134754.75,stl_sch_000041
setl_00000042,2026-04-23,900000002145,regular,31,95501.00,1834.56,0.95,330.39,36.69,93298.41,stl_sch_000042
setl_00000043,2026-04-24,900000002187,regular,40,122226.00,2250.38,1.22,405.28,45.00,119524.12,stl_sch_000043
setl_00000044,2026-04-25,900000002282,regular,31,92838.00,1755.81,0.92,316.21,35.11,89246.33,stl_sch_000044
setl_00000045,2026-04-27,900000002348,regular,40,102868.00,1857.36,1.02,334.50,37.14,100637.98,stl_sch_000045
setl_00000046,2026-04-27,900000002387,regular,13,39566.00,770.48,0.39,138.75,15.40,38233.00,stl_sch_000046
setl_00000047,2026-04-28,900000002446,regular,9,22106.00,420.25,0.22,75.68,8.40,15773.98,stl_sch_000047
setl_00000048,2026-04-29,900000002521,regular,47,133068.00,2521.04,1.33,454.02,50.42,130041.19,stl_sch_000048
setl_00000049,2026-04-30,900000002607,regular,20,56692.00,988.09,0.56,177.95,19.76,52510.22,stl_sch_000049
setl_00000050,2026-05-01,900000002650,regular,37,130655.00,2552.06,1.30,459.60,51.04,119367.86,stl_sch_000050
setl_00000051,2026-05-02,900000002733,regular,26,85379.00,1565.48,0.85,281.93,31.30,83499.44,stl_sch_000051
setl_00000052,2026-05-04,900000002774,regular,30,98326.00,1838.48,0.98,331.10,36.76,95182.68,stl_sch_000052
setl_00000053,2026-05-04,900000002789,regular,13,41862.00,807.73,0.41,145.46,16.15,40892.25,stl_sch_000053
setl_00000054,2026-05-06,900000002826,regular,50,137923.00,2527.19,1.37,455.14,50.54,130947.11,stl_sch_000054
setl_00000055,2026-05-07,900000002851,regular,42,123525.00,2302.94,1.23,414.75,46.05,120760.03,stl_sch_000055
setl_00000056,2026-05-08,900000002894,regular,47,118181.00,2221.22,1.18,400.03,44.42,112578.80,stl_sch_000056
setl_00000057,2026-05-09,900000002924,regular,39,116574.00,2106.27,1.16,379.33,42.12,113234.19,stl_sch_000057
setl_00000058,2026-05-11,900000002947,regular,37,105143.00,1989.50,1.05,358.29,39.79,92878.71,stl_sch_000058
setl_00000059,2026-05-11,900000003005,regular,11,30084.00,512.48,0.30,92.30,10.24,29468.68,stl_sch_000059
setl_00000060,2026-05-12,900000003043,regular,2,3952.00,79.04,0.03,14.23,1.58,3845.60,stl_sch_000060
setl_00000061,2026-05-13,900000003101,regular,40,124954.00,2228.91,1.24,401.42,44.57,122277.86,stl_sch_000061
setl_00000062,2026-05-14,900000003192,regular,28,84722.00,1538.87,0.84,277.14,30.77,82874.38,stl_sch_000062
setl_00000063,2026-05-15,900000003214,regular,35,87471.00,1571.62,0.87,283.04,31.43,85165.29,stl_sch_000063
setl_00000064,2026-05-16,900000003221,regular,36,107385.00,1949.92,1.07,351.17,38.99,105043.85,stl_sch_000064
setl_00000065,2026-05-18,900000003240,regular,58,164907.00,3025.11,1.64,544.81,60.50,159912.26,stl_sch_000065
setl_00000066,2026-05-18,900000003326,regular,16,45679.00,901.54,0.45,162.35,18.03,44596.63,stl_sch_000066
setl_00000067,2026-05-19,900000003389,regular,4,15315.00,250.80,0.15,45.17,5.01,14547.32,stl_sch_000067
setl_00000068,2026-05-20,900000003422,regular,46,129528.00,2337.49,1.29,420.98,46.74,126721.50,stl_sch_000068
setl_00000069,2026-05-21,900000003441,regular,39,104616.00,1869.10,1.04,336.62,37.38,101679.27,stl_sch_000069
setl_00000070,2026-05-22,900000003477,regular,9,21514.00,390.52,0.21,70.33,7.81,21045.13,stl_sch_000070
setl_00000071,2026-05-23,900000003572,regular,28,92993.00,1823.48,0.92,328.39,36.46,87606.75,stl_sch_000071
setl_00000072,2026-05-25,900000003586,regular,32,92086.00,1744.96,0.92,314.25,34.89,89990.98,stl_sch_000072
setl_00000073,2026-05-25,900000003663,regular,16,46126.00,853.24,0.46,153.66,17.06,45101.58,stl_sch_000073
setl_00000074,2026-05-26,900000003746,regular,6,19257.00,385.14,0.19,69.35,7.70,18794.62,stl_sch_000074
setl_00000075,2026-05-27,900000003835,regular,43,125564.00,2271.25,1.25,409.05,45.42,120164.85,stl_sch_000075
setl_00000076,2026-05-28,900000003899,regular,51,149744.00,2901.84,1.49,522.59,58.03,144657.48,stl_sch_000076
setl_00000077,2026-05-29,900000003954,regular,31,89699.00,1706.45,0.89,307.32,34.12,87650.22,stl_sch_000077
setl_00000078,2026-05-30,900000003984,regular,48,145063.00,2645.16,1.45,476.38,52.90,141458.28,stl_sch_000078
setl_00000079,2026-06-01,900000004052,regular,52,158677.00,2813.97,1.58,506.79,56.27,148420.36,stl_sch_000079
setl_00000080,2026-06-01,900000004105,regular,24,74399.00,1436.61,0.74,258.72,28.73,72674.20,stl_sch_000080
setl_00000081,2026-06-02,900000004179,regular,12,37993.00,675.40,0.37,121.63,13.50,37182.10,stl_sch_000081
setl_00000082,2026-06-03,900000004204,regular,44,118842.00,2166.01,1.18,390.09,43.32,116241.40,stl_sch_000082
setl_00000083,2026-06-04,900000004212,regular,30,84750.00,1695.00,0.84,305.25,33.90,73894.27,stl_sch_000083
setl_00000084,2026-06-05,900000004242,regular,36,106880.00,1864.90,1.06,335.87,37.29,104226.97,stl_sch_000084
setl_00000085,2026-06-06,900000004255,regular,35,105195.00,1853.82,1.05,333.87,37.07,102184.94,stl_sch_000085
setl_00000086,2026-06-08,900000004295,regular,78,231213.00,4349.61,2.31,783.34,86.99,224853.62,stl_sch_000086
setl_00000087,2026-06-08,900000004317,regular,6,13935.00,278.70,0.13,50.18,5.57,12870.90,stl_sch_000087
setl_00000088,2026-06-09,900000004330,regular,17,51722.00,944.73,0.51,170.14,18.89,50405.31,stl_sch_000088
setl_00000089,2026-06-10,900000004358,regular,50,134514.00,2520.15,1.34,453.86,50.40,129553.14,stl_sch_000089
setl_00000090,2026-06-11,900000004417,regular,37,108131.00,2074.49,1.08,373.60,41.48,102159.40,stl_sch_000090
setl_00000091,2026-06-12,900000004483,regular,43,107691.00,2048.56,1.07,368.93,40.97,99375.62,stl_sch_000091
setl_00000092,2026-06-13,900000004488,regular,24,70573.00,1411.46,0.70,254.18,28.22,68878.44,stl_sch_000092
setl_00000093,2026-06-15,900000004518,regular,42,115080.00,2084.27,1.15,375.37,41.68,106999.76,stl_sch_000093
setl_00000094,2026-06-15,900000004598,regular,5,13576.00,241.45,0.13,43.48,4.82,13286.12,stl_sch_000094
setl_00000095,2026-06-16,900000004644,regular,1,4934.00,98.68,0.04,17.76,1.97,4807.29,stl_sch_000095
setl_00000096,2026-06-17,900000004709,regular,55,157339.00,3002.40,1.57,540.71,60.04,153022.64,stl_sch_000096
setl_00000097,2026-06-18,900000004716,regular,25,78864.00,1436.06,0.78,258.63,28.72,77139.81,stl_sch_000097
setl_00000098,2026-06-19,900000004734,regular,13,35227.00,704.54,0.35,126.88,14.09,30294.03,stl_sch_000098
setl_00000099,2026-06-20,900000004736,regular,39,105683.00,1880.22,1.05,338.62,37.60,97822.06,stl_sch_000099
setl_00000100,2026-06-22,900000004772,regular,46,122058.00,2279.54,1.22,410.53,45.59,117649.77,stl_sch_000100
setl_00000101,2026-06-22,900000004797,regular,11,36429.00,672.62,0.36,121.13,13.45,32263.82,stl_sch_000101
setl_00000102,2026-06-24,900000004850,regular,64,178853.00,3385.54,1.78,609.71,67.71,173539.43,stl_sch_000102
setl_00000103,2026-06-25,900000004939,regular,36,118091.00,2161.51,1.18,389.28,43.23,115495.80,stl_sch_000103
setl_00000104,2026-06-26,900000004975,regular,24,71597.00,1326.52,0.71,238.90,26.53,70004.34,stl_sch_000104
setl_00000105,2026-06-27,900000005010,regular,45,137022.00,2638.12,1.37,475.10,52.76,132586.68,stl_sch_000105
setl_00000106,2026-06-29,900000005023,regular,80,243466.00,4556.88,2.43,820.67,91.13,233825.74,stl_sch_000106
setl_00000107,2026-06-29,900000005096,regular,11,22643.00,405.61,0.22,73.04,8.11,22095.24,stl_sch_000107
setl_00000108,2026-06-30,900000005139,regular,10,21659.00,408.02,0.21,73.48,8.16,21169.13,stl_sch_000108
setl_00000109,2026-07-01,900000005218,regular,52,153274.00,2933.66,1.53,528.33,58.67,145447.13,stl_sch_000109
setl_00000110,2026-07-02,900000005238,regular,37,118711.00,2239.10,1.18,403.25,44.78,116022.69,stl_sch_000110
setl_00000111,2026-07-03,900000005257,regular,47,130098.00,2339.05,1.30,421.26,46.78,123499.65,stl_sch_000111
setl_00000112,2026-07-04,900000005294,regular,47,124868.00,2247.19,1.24,404.71,44.94,121448.45,stl_sch_000112
setl_00000113,2026-07-06,900000005365,regular,33,101862.00,1988.70,1.01,358.14,39.77,95233.40,stl_sch_000113
setl_00000114,2026-07-06,900000005444,regular,17,51410.00,977.07,0.51,175.96,19.54,50236.92,stl_sch_000114
setl_00000115,2026-07-07,900000005463,regular,3,5636.00,112.72,0.05,20.29,2.25,5500.69,stl_sch_000115
setl_00000116,2026-07-08,900000005508,regular,47,148002.00,2960.04,1.48,533.07,59.20,136535.41,stl_sch_000116
setl_00000117,2026-07-09,900000005522,regular,30,94246.00,1610.43,0.94,290.04,32.20,92312.39,stl_sch_000117
setl_00000118,2026-07-10,900000005619,regular,17,51964.00,964.05,0.51,173.62,19.28,50806.54,stl_sch_000118
setl_00000119,2026-07-11,900000005647,regular,57,145524.00,2474.64,1.45,445.69,49.49,136482.26,stl_sch_000119
setl_00000120,2026-07-13,900000005658,regular,44,149638.00,2820.96,1.49,508.04,56.41,137845.53,stl_sch_000120
setl_00000121,2026-07-13,900000005659,regular,11,22806.00,447.16,0.22,80.52,8.94,19990.66,stl_sch_000121
setl_00000122,2026-07-14,900000005715,regular,2,6793.00,112.79,0.06,20.31,2.25,6657.59,stl_sch_000122
setl_00000123,2026-07-15,900000005762,regular,55,178143.00,3268.22,1.78,588.60,65.36,171262.56,stl_sch_000123
setl_00000124,2026-07-16,900000005784,regular,31,87218.00,1547.07,0.87,278.62,30.94,85360.50,stl_sch_000124
setl_00000125,2026-07-17,900000005834,regular,43,113413.00,2047.93,1.13,368.83,40.95,110403.60,stl_sch_000125
setl_00000126,2026-07-18,900000005842,regular,33,100876.00,1800.60,1.00,324.28,36.01,95614.03,stl_sch_000126
setl_00000127,2026-07-20,900000005886,regular,33,103998.00,1845.91,1.03,332.44,36.91,95851.72,stl_sch_000127
setl_00000128,2026-07-20,900000005922,regular,4,14892.00,248.15,0.14,44.69,4.96,14594.06,stl_sch_000128
setl_00000129,2026-07-22,900000005974,regular,46,135325.00,2500.72,1.35,450.37,50.01,130512.32,stl_sch_000129
setl_00000130,2026-07-23,900000006053,regular,41,115457.00,2121.79,1.15,382.12,42.43,108031.24,stl_sch_000130
setl_00000131,2026-07-24,900000006088,regular,13,42597.00,851.94,0.42,153.42,17.03,41480.92,stl_sch_000131
setl_00000132,2026-07-25,900000006147,regular,42,121906.00,2197.52,1.21,395.77,43.95,115552.19,stl_sch_000132
setl_00000133,2026-07-27,900000006162,regular,52,155033.00,2922.66,1.55,526.35,58.45,147285.33,stl_sch_000133
setl_00000134,2026-07-27,900000006240,regular,20,68535.00,1211.07,0.68,218.11,24.22,67080.92,stl_sch_000134
setl_00000135,2026-07-28,900000006290,regular,4,13973.00,224.74,0.13,40.47,4.49,13703.17,stl_sch_000135
setl_00000136,2026-07-29,900000006357,regular,51,138901.00,2527.77,1.38,455.24,50.55,133303.76,stl_sch_000136
setl_00000137,2026-07-30,900000006419,regular,36,96255.00,1925.10,0.96,346.69,38.50,93943.75,stl_sch_000137
setl_00000138,2026-07-31,900000006508,regular,45,131251.00,2480.95,1.31,446.80,49.61,119957.74,stl_sch_000138
setl_00000139,2026-08-01,900000006581,regular,34,106663.00,2040.74,1.06,367.52,40.81,103191.83,stl_sch_000139
setl_00000140,2026-08-03,900000006667,regular,63,154538.00,2848.60,1.54,513.02,56.97,147846.77,stl_sch_000140
setl_00000141,2026-08-03,900000006690,regular,20,60502.00,1179.44,0.60,212.40,23.58,56561.07,stl_sch_000141
setl_00000142,2026-08-05,900000006778,regular,49,132029.00,2589.82,1.32,466.40,51.79,126355.12,stl_sch_000142
setl_00000143,2026-08-06,900000006851,regular,25,60250.00,1139.35,0.60,205.19,22.78,56863.43,stl_sch_000143
setl_00000144,2026-08-07,900000006941,regular,23,73993.00,1431.80,0.73,257.85,28.63,71350.10,stl_sch_000144
setl_00000145,2026-08-08,900000006957,regular,45,112844.00,1961.51,1.12,353.27,39.23,107244.23,stl_sch_000145
setl_00000146,2026-08-10,900000007007,regular,36,105997.00,1958.26,1.05,352.67,39.16,98885.96,stl_sch_000146
setl_00000147,2026-08-11,900000007096,regular,10,26442.00,528.84,0.26,95.23,10.57,23132.01,stl_sch_000147
setl_00000148,2026-08-12,900000007145,regular,49,149727.00,2824.99,1.49,508.76,56.49,145539.70,stl_sch_000148
setl_00000149,2026-08-13,900000007175,regular,39,114962.00,2031.97,1.14,365.95,40.63,112522.31,stl_sch_000149
setl_00000150,2026-08-14,900000007239,regular,27,71481.00,1429.62,0.71,257.45,28.59,67915.78,stl_sch_000150
setl_00000151,2026-08-17,900000007306,regular,52,160279.00,3205.58,1.60,577.29,64.11,156430.42,stl_sch_000151
setl_00000152,2026-08-17,900000007356,regular,58,165377.00,3123.73,1.65,562.56,62.47,160802.82,stl_sch_000152
setl_00000153,2026-08-17,900000007452,regular,22,76915.00,1448.60,0.76,260.88,28.97,72573.72,stl_sch_000153
setl_00000154,2026-08-18,900000007518,regular,9,30256.00,572.29,0.30,103.06,11.44,29568.91,stl_sch_000154
setl_00000155,2026-08-19,900000007584,regular,46,135959.00,2572.57,1.35,463.30,51.45,132870.33,stl_sch_000155
setl_00000156,2026-08-20,900000007678,regular,32,90936.00,1591.46,0.90,286.62,31.82,89025.20,stl_sch_000156
setl_00000157,2026-08-21,900000007758,regular,27,79858.00,1432.45,0.79,257.98,28.64,75461.38,stl_sch_000157
setl_00000158,2026-08-22,900000007843,regular,47,141994.00,2638.47,1.41,475.17,52.76,135032.90,stl_sch_000158
setl_00000159,2026-08-24,900000007913,regular,39,120024.00,2204.19,1.20,396.97,44.08,117377.56,stl_sch_000159
setl_00000160,2026-08-24,900000007930,regular,17,40145.00,762.30,0.40,137.28,15.24,37077.25,stl_sch_000160
setl_00000161,2026-08-25,900000007963,regular,1,4987.00,99.74,0.04,17.96,1.99,4867.27,stl_sch_000161
setl_00000162,2026-08-26,900000008040,regular,52,155139.00,2716.66,1.55,489.27,54.33,150328.61,stl_sch_000162
setl_00000163,2026-08-27,900000008085,regular,42,119574.00,2178.49,1.19,392.34,43.56,116550.87,stl_sch_000163
setl_00000164,2026-08-28,900000008182,regular,13,35894.00,650.87,0.35,117.21,13.01,35044.28,stl_sch_000164
setl_00000165,2026-08-29,900000008197,regular,46,149818.00,2996.36,1.49,539.61,59.92,132542.93,stl_sch_000165
setl_00000166,2026-08-31,900000008234,regular,54,160223.00,2951.24,1.60,531.51,59.02,156679.63,stl_sch_000166
setl_00000167,2026-08-31,900000008266,regular,4,8782.00,175.64,0.08,31.62,3.51,8571.15,stl_sch_000167
setl_00000168,2026-09-01,900000008339,regular,17,48181.00,905.83,0.48,163.13,18.11,42069.62,stl_sch_000168
setl_00000169,2026-09-02,900000008350,regular,40,110678.00,1939.66,1.10,349.33,38.79,107941.84,stl_sch_000169
setl_00000170,2026-09-03,900000008423,regular,42,119358.00,2373.70,1.19,427.48,47.47,115951.25,stl_sch_000170
setl_00000171,2026-09-04,900000008518,regular,33,95105.00,1764.69,0.95,317.81,35.29,92986.26,stl_sch_000171
setl_00000172,2026-09-05,900000008544,regular,38,117074.00,2151.94,1.17,387.55,43.03,112927.56,stl_sch_000172
setl_00000173,2026-09-07,900000008634,regular,47,152258.00,2716.54,1.52,489.25,54.33,146332.70,stl_sch_000173
setl_00000174,2026-09-07,900000008676,regular,5,14492.00,289.84,0.14,52.19,5.79,14144.04,stl_sch_000174
