document_id,document_no,counterparty,counterparty_code,document_date,due_date,gross_amount,gst_rate,gst_amount,net_amount,paid_amount,status,currency,notes
AR-INV-2026-000001,INV-2026-000001,Tansh Machine Parts Ltd,CUST-003,2026-05-08,2026-06-08,137617.00,0.18,24771.00,137617.00,0.00,overdue,INR,tax invoice short deduction
AR-INV-2026-000002,INV-2026-000002,Raman Deep Conveyances Private Limited,CUST-005,2026-05-08,2026-05-23,1273834.00,0.18,229290.00,1273834.00,0.00,overdue,INR,tax invoice
AR-INV-2026-000003,INV-2026-000003,Indusloom Roofing Products PVT LTD,CUST-011,2026-05-08,2026-06-08,362844.00,0.18,65312.00,362844.00,0.00,overdue,INR,tax invoice
AR-INV-2026-000004,INV-2026-000004,Tansh Machine Parts Ltd,CUST-003,2026-05-08,2026-06-08,327825.00,0.18,59008.00,327825.00,0.00,overdue,INR,tax invoice
AR-INV-2026-000005,INV-2026-000005,Raman Deep Conveyances Private Limited,CUST-005,2026-05-08,2026-05-23,1071292.00,0.18,192833.00,1071292.00,0.00,overdue,INR,tax invoice
AR-INV-2026-000006,INV-2026-000006,Saptagiri Water Treatment LLP,CUST-009,2026-05-08,2026-05-23,729528.00,0.18,131315.00,729528.00,0.00,overdue,INR,tax invoice
AR-INV-2026-000011,INV-2026-000011,Anant Infra Solar EPC Ltd,CUST-008,2026-05-09,2026-07-08,1470455.00,0.18,264682.00,1470455.00,0.00,overdue,INR,tax invoice
AR-INV-2026-000012,INV-2026-000012,Zenith One Electricals & Co,CUST-004,2026-05-09,2026-05-25,428575.00,0.18,77143.00,428575.00,0.00,overdue,INR,tax invoice
AR-INV-2026-000013,INV-2026-000013,Everstone Logistics Ltd,CUST-006,2026-05-09,2026-06-08,876723.00,0.18,157810.00,876723.00,0.00,overdue,INR,tax invoice
AR-INV-2026-000014,INV-2026-000014,Everstone Logistics Ltd,CUST-006,2026-05-09,2026-06-08,1395346.00,0.18,251162.00,1395346.00,0.00,overdue,INR,tax invoice
AR-INV-2026-000017,INV-2026-000017,Hiranyaka Hardware PVT LTD,CUST-002,2026-05-11,2026-05-26,221169.00,0.18,39810.00,221169.00,0.00,overdue,INR,tax invoice
AR-INV-2026-000018,INV-2026-000018,Lohiya Polymers Private Limited,CUST-001,2026-05-11,2026-06-25,147953.00,0.18,26632.00,147953.00,0.00,overdue,INR,tax invoice
AR-INV-2026-000019,INV-2026-000019,Saptagiri Water Treatment LLP,CUST-009,2026-05-11,2026-05-26,408570.00,0.18,73543.00,408570.00,0.00,overdue,INR,tax invoice
AR-INV-2026-000020,INV-2026-000020,Karman Print Solutions Private Limited,CUST-013,2026-05-11,2026-06-25,1298586.00,0.18,233745.00,1298586.00,0.00,overdue,INR,tax invoice
AR-INV-2026-000021,INV-2026-000021,Anant Infra Catering Services Private Limited,CUST-014,2026-05-11,2026-06-25,245762.00,0.18,44237.00,245762.00,0.00,overdue,INR,tax invoice
AR-INV-2026-000022,INV-2026-000022,Everstone Logistics Ltd,CUST-006,2026-05-11,2026-06-10,975579.00,0.18,175604.00,975579.00,0.00,overdue,INR,tax invoice short deduction
AR-INV-2026-000024,INV-2026-000024,Anant Infra Catering Services Private Limited,CUST-014,2026-05-12,2026-06-26,383718.00,0.18,69069.00,383718.00,0.00,overdue,INR,tax invoice
AR-INV-2026-000025,INV-2026-000025,Anant Infra Solar EPC Ltd,CUST-008,2026-05-12,2026-07-11,636026.00,0.18,114485.00,636026.00,0.00,overdue,INR,tax invoice
AR-INV-2026-000026,INV-2026-000026,Anant Infra Catering Services Private Limited,CUST-014,2026-05-12,2026-06-26,363545.00,0.18,65438.00,363545.00,0.00,overdue,INR,tax invoice
AR-INV-2026-000029,INV-2026-000029,Raman Deep Conveyances Private Limited,CUST-005,2026-05-13,2026-05-28,496114.00,0.18,89301.00,496114.00,0.00,overdue,INR,tax invoice
AR-INV-2026-000030,INV-2026-000030,Trividata Warehousing Ltd,CUST-010,2026-05-13,2026-05-28,262615.00,0.18,47271.00,262615.00,0.00,overdue,INR,tax invoice
AR-INV-2026-000031,INV-2026-000031,Hiranyaka Hardware PVT LTD,CUST-002,2026-05-13,2026-05-28,105628.00,0.18,19013.00,105628.00,0.00,overdue,INR,tax invoice
AR-INV-2026-000032,INV-2026-000032,Tansh Machine Parts Ltd,CUST-003,2026-05-13,2026-06-12,154634.00,0.18,27834.00,154634.00,0.00,overdue,INR,tax invoice
AR-INV-2026-000033,INV-2026-000033,Zenith One Electricals & Co,CUST-004,2026-05-13,2026-05-28,505128.00,0.18,90923.00,505128.00,0.00,overdue,INR,tax invoice
AR-INV-2026-000034,INV-2026-000034,Karman Print Solutions Private Limited,CUST-013,2026-05-13,2026-06-27,399059.00,0.18,71831.00,399059.00,0.00,overdue,INR,tax invoice
AR-INV-2026-000035,INV-2026-000035,Shree Balaji Recyclers Company,CUST-007,2026-05-13,2026-05-20,127984.00,0.18,23037.00,127984.00,0.00,overdue,INR,tax invoice
AR-INV-2026-000038,INV-2026-000038,Raman Deep Conveyances Private Limited,CUST-005,2026-05-14,2026-05-29,410593.00,0.18,73907.00,410593.00,0.00,overdue,INR,tax invoice
AR-INV-2026-000039,INV-2026-000039,Anant Infra Catering Services Private Limited,CUST-014,2026-05-14,2026-06-29,420549.00,0.18,75699.00,420549.00,0.00,overdue,INR,tax invoice
AR-INV-2026-000040,INV-2026-000040,Zenith One Electricals & Co,CUST-004,2026-05-14,2026-05-29,328550.00,0.18,59139.00,328550.00,0.00,overdue,INR,tax invoice
AR-INV-2026-000041,INV-2026-000041,Indusloom Roofing Products PVT LTD,CUST-011,2026-05-14,2026-06-13,232470.00,0.18,41845.00,232470.00,0.00,overdue,INR,tax invoice
AR-INV-2026-000042,INV-2026-000042,Vaishnavi Textiles LLP,CUST-012,2026-05-14,2026-05-29,1978625.00,0.18,356152.00,1978625.00,0.00,overdue,INR,tax invoice
AR-INV-2026-000043,INV-2026-000043,Lohiya Polymers Private Limited,CUST-001,2026-05-14,2026-06-29,158715.00,0.18,28569.00,158715.00,0.00,overdue,INR,tax invoice
AR-INV-2026-000046,INV-2026-000046,Hiranyaka Hardware PVT LTD,CUST-002,2026-05-15,2026-05-30,214927.00,0.18,38687.00,214927.00,0.00,overdue,INR,tax invoice
AR-INV-2026-000047,INV-2026-000047,Everstone Logistics Ltd,CUST-006,2026-05-15,2026-06-15,563199.00,0.18,101376.00,563199.00,0.00,overdue,INR,tax invoice short deduction
AR-INV-2026-000048,INV-2026-000048,Shree Balaji Recyclers Company,CUST-007,2026-05-15,2026-05-22,159068.00,0.18,28632.00,159068.00,0.00,overdue,INR,tax invoice
AR-INV-2026-000049,INV-2026-000049,Vaishnavi Textiles LLP,CUST-012,2026-05-15,2026-05-30,1504132.00,0.18,270744.00,1504132.00,0.00,overdue,INR,tax invoice
AR-INV-2026-000050,INV-2026-000050,Saptagiri Water Treatment LLP,CUST-009,2026-05-15,2026-05-30,1933176.00,0.18,347972.00,1933176.00,0.00,overdue,INR,tax invoice
AR-INV-2026-000056,INV-2026-000056,Zenith One Electricals & Co,CUST-004,2026-05-16,2026-06-01,264576.00,0.18,47624.00,264576.00,0.00,overdue,INR,tax invoice
AR-INV-2026-000057,INV-2026-000057,Hiranyaka Hardware PVT LTD,CUST-002,2026-05-16,2026-06-01,94583.00,0.18,17025.00,94583.00,0.00,overdue,INR,tax invoice
AR-INV-2026-000058,INV-2026-000058,Anant Infra Solar EPC Ltd,CUST-008,2026-05-16,2026-07-15,290811.00,0.18,52346.00,290811.00,0.00,overdue,INR,tax invoice
AR-INV-2026-000061,INV-2026-000061,Hiranyaka Hardware PVT LTD,CUST-002,2026-05-17,2026-06-01,124448.00,0.18,22401.00,124448.00,0.00,overdue,INR,tax invoice
AR-INV-2026-000066,INV-2026-000066,Hiranyaka Hardware PVT LTD,CUST-002,2026-05-18,2026-06-02,274366.00,0.18,49386.00,274366.00,0.00,overdue,INR,tax invoice
AR-INV-2026-000067,INV-2026-000067,Hiranyaka Hardware PVT LTD,CUST-002,2026-05-18,2026-06-02,214687.00,0.18,38644.00,214687.00,0.00,open,INR,tax invoice
AR-INV-2026-000068,INV-2026-000068,Raman Deep Conveyances Private Limited,CUST-005,2026-05-18,2026-06-02,1256234.00,0.18,226122.00,1256234.00,0.00,overdue,INR,tax invoice
AR-INV-2026-000069,INV-2026-000069,Shree Balaji Recyclers Company,CUST-007,2026-05-18,2026-05-25,123893.00,0.18,22301.00,123893.00,0.00,overdue,INR,tax invoice
AR-INV-2026-000073,INV-2026-000073,Anant Infra Solar EPC Ltd,CUST-008,2026-05-19,2026-07-18,251202.00,0.18,45216.00,251202.00,0.00,overdue,INR,tax invoice short deduction
AR-INV-2026-000074,INV-2026-000074,Karman Print Solutions Private Limited,CUST-013,2026-05-19,2026-07-03,1056871.00,0.18,190237.00,1056871.00,0.00,overdue,INR,tax invoice
AR-INV-2026-000075,INV-2026-000075,Zenith One Electricals & Co,CUST-004,2026-05-19,2026-06-03,225782.00,0.18,40641.00,225782.00,0.00,overdue,INR,tax invoice
AR-INV-2026-000081,INV-2026-000081,Indusloom Roofing Products PVT LTD,CUST-011,2026-05-20,2026-06-19,520063.00,0.18,93611.00,520063.00,0.00,overdue,INR,tax invoice
AR-INV-2026-000082,INV-2026-000082,Trividata Warehousing Ltd,CUST-010,2026-05-20,2026-06-04,269010.00,0.18,48422.00,269010.00,0.00,overdue,INR,tax invoice
AR-INV-2026-000083,INV-2026-000083,Raman Deep Conveyances Private Limited,CUST-005,2026-05-20,2026-06-04,237843.00,0.18,42812.00,237843.00,0.00,overdue,INR,tax invoice
AR-INV-2026-000084,INV-2026-000084,Anant Infra Solar EPC Ltd,CUST-008,2026-05-20,2026-07-20,446459.00,0.18,80363.00,446459.00,0.00,overdue,INR,tax invoice
AR-INV-2026-000088,INV-2026-000088,Everstone Logistics Ltd,CUST-006,2026-05-21,2026-06-20,580655.00,0.18,104518.00,580655.00,0.00,overdue,INR,tax invoice
AR-INV-2026-000093,INV-2026-000093,Saptagiri Water Treatment LLP,CUST-009,2026-05-22,2026-06-06,6000000.00,0.18,1080000.00,6000000.00,0.00,overdue,INR,tax invoice
AR-INV-2026-000094,INV-2026-000094,Vaishnavi Textiles LLP,CUST-012,2026-05-22,2026-06-06,362633.00,0.18,65274.00,362633.00,0.00,overdue,INR,tax invoice
AR-INV-2026-000095,INV-2026-000095,Raman Deep Conveyances Private Limited,CUST-005,2026-05-22,2026-06-06,455047.00,0.18,81908.00,455047.00,0.00,overdue,INR,tax invoice
AR-INV-2026-000096,INV-2026-000096,Vaishnavi Textiles LLP,CUST-012,2026-05-22,2026-06-06,1367616.00,0.18,246171.00,1367616.00,0.00,overdue,INR,tax invoice
AR-INV-2026-000097,INV-2026-000097,Vaishnavi Textiles LLP,CUST-012,2026-05-22,2026-06-06,580086.00,0.18,104415.00,580086.00,0.00,overdue,INR,tax invoice
AR-INV-2026-000099,INV-2026-000099,Trividata Warehousing Ltd,CUST-010,2026-05-23,2026-06-08,99158.00,0.18,17848.00,99158.00,0.00,overdue,INR,tax invoice
AR-INV-2026-000102,INV-2026-000102,Anant Infra Catering Services Private Limited,CUST-014,2026-05-25,2026-07-09,257365.00,0.18,46326.00,257365.00,0.00,overdue,INR,tax invoice
AR-INV-2026-000103,INV-2026-000103,Hiranyaka Hardware PVT LTD,CUST-002,2026-05-25,2026-06-09,229772.00,0.18,41359.00,229772.00,0.00,open,INR,tax invoice
AR-INV-2026-000104,INV-2026-000104,Trividata Warehousing Ltd,CUST-010,2026-05-25,2026-06-09,269175.00,0.18,48451.00,269175.00,0.00,open,INR,tax invoice
AR-INV-2026-000105,INV-2026-000105,Anant Infra Catering Services Private Limited,CUST-014,2026-05-25,2026-07-09,87955.00,0.18,15832.00,87955.00,0.00,overdue,INR,tax invoice
AR-INV-2026-000108,INV-2026-000108,Tansh Machine Parts Ltd,CUST-003,2026-05-26,2026-06-25,166959.00,0.18,30053.00,166959.00,0.00,overdue,INR,tax invoice short deduction
AR-INV-2026-000109,INV-2026-000109,Raman Deep Conveyances Private Limited,CUST-005,2026-05-26,2026-06-10,705459.00,0.18,126983.00,705459.00,0.00,overdue,INR,tax invoice
AR-INV-2026-000110,INV-2026-000110,Anant Infra Solar EPC Ltd,CUST-008,2026-05-26,2026-07-25,734920.00,0.18,132286.00,734920.00,0.00,overdue,INR,tax invoice
AR-INV-2026-000111,INV-2026-000111,Lohiya Polymers Private Limited,CUST-001,2026-05-26,2026-07-10,276558.00,0.18,49780.00,276558.00,0.00,overdue,INR,tax invoice
AR-INV-2026-000112,INV-2026-000112,Shree Balaji Recyclers Company,CUST-007,2026-05-26,2026-06-02,379005.00,0.18,68221.00,379005.00,0.00,overdue,INR,tax invoice
AR-INV-2026-000113,INV-2026-000113,Indusloom Roofing Products PVT LTD,CUST-011,2026-05-26,2026-06-25,223256.00,0.18,40186.00,223256.00,0.00,overdue,INR,tax invoice
AR-INV-2026-000119,INV-2026-000119,Zenith One Electricals & Co,CUST-004,2026-05-27,2026-06-11,365302.00,0.18,65754.00,365302.00,0.00,overdue,INR,tax invoice
AR-INV-2026-000120,INV-2026-000120,Hiranyaka Hardware PVT LTD,CUST-002,2026-05-27,2026-06-11,58348.00,0.18,10503.00,58348.00,0.00,open,INR,tax invoice
AR-INV-2026-000121,INV-2026-000121,Hiranyaka Hardware PVT LTD,CUST-002,2026-05-27,2026-06-11,148586.00,0.18,26745.00,148586.00,0.00,overdue,INR,tax invoice
AR-INV-2026-000122,INV-2026-000122,Anant Infra Catering Services Private Limited,CUST-014,2026-05-27,2026-07-11,128890.00,0.18,23200.00,128890.00,0.00,overdue,INR,tax invoice
AR-INV-2026-000123,INV-2026-000123,Raman Deep Conveyances Private Limited,CUST-005,2026-05-27,2026-06-11,3350391.00,0.18,603070.00,3350391.00,0.00,overdue,INR,tax invoice
AR-INV-2026-000124,INV-2026-000124,Raman Deep Conveyances Private Limited,CUST-005,2026-05-27,2026-06-11,218353.00,0.18,39304.00,218353.00,0.00,overdue,INR,tax invoice
AR-INV-2026-000127,INV-2026-000127,Hiranyaka Hardware PVT LTD,CUST-002,2026-05-28,2026-06-12,784500.00,0.18,141210.00,784500.00,0.00,overdue,INR,tax invoice
AR-INV-2026-000128,INV-2026-000128,Vaishnavi Textiles LLP,CUST-012,2026-05-28,2026-06-12,492536.00,0.18,88656.00,492536.00,0.00,overdue,INR,tax invoice
AR-INV-2026-000135,INV-2026-000135,Raman Deep Conveyances Private Limited,CUST-005,2026-05-29,2026-06-13,105154.00,0.18,18928.00,105154.00,0.00,overdue,INR,tax invoice
AR-INV-2026-000136,INV-2026-000136,Indusloom Roofing Products PVT LTD,CUST-011,2026-05-29,2026-06-29,253606.00,0.18,45649.00,253606.00,0.00,overdue,INR,tax invoice
AR-INV-2026-000137,INV-2026-000137,Tansh Machine Parts Ltd,CUST-003,2026-05-29,2026-06-29,685749.00,0.18,123435.00,685749.00,0.00,overdue,INR,tax invoice
AR-INV-2026-000138,INV-2026-000138,Anant Infra Solar EPC Ltd,CUST-008,2026-05-29,2026-07-28,365400.00,0.18,65772.00,365400.00,0.00,overdue,INR,tax invoice
AR-INV-2026-000139,INV-2026-000139,Anant Infra Solar EPC Ltd,CUST-008,2026-05-29,2026-07-28,688712.00,0.18,123968.00,688712.00,0.00,overdue,INR,tax invoice
AR-INV-2026-000140,INV-2026-000140,Karman Print Solutions Private Limited,CUST-013,2026-05-29,2026-07-13,502963.00,0.18,90533.00,502963.00,0.00,overdue,INR,tax invoice
AR-INV-2026-000141,INV-2026-000141,Shree Balaji Recyclers Company,CUST-007,2026-05-29,2026-06-05,351875.00,0.18,63337.00,351875.00,0.00,overdue,INR,tax invoice
AR-INV-2026-000142,INV-2026-000142,Anant Infra Catering Services Private Limited,CUST-014,2026-05-29,2026-07-13,179282.00,0.18,32271.00,179282.00,0.00,overdue,INR,tax invoice
AR-INV-2026-000147,INV-2026-000147,Tansh Machine Parts Ltd,CUST-003,2026-05-30,2026-06-29,219811.00,0.18,39566.00,219811.00,0.00,overdue,INR,tax invoice
AR-INV-2026-000156,INV-2026-000156,Raman Deep Conveyances Private Limited,CUST-005,2026-06-01,2026-06-16,745456.00,0.18,134182.00,745456.00,0.00,overdue,INR,tax invoice
AR-INV-2026-000157,INV-2026-000157,Anant Infra Catering Services Private Limited,CUST-014,2026-06-01,2026-07-16,403760.00,0.18,72677.00,403760.00,0.00,overdue,INR,tax invoice
AR-INV-2026-000158,INV-2026-000158,Indusloom Roofing Products PVT LTD,CUST-011,2026-06-01,2026-07-01,413464.00,0.18,74424.00,413464.00,0.00,overdue,INR,tax invoice
AR-INV-2026-000159,INV-2026-000159,Shree Balaji Recyclers Company,CUST-007,2026-06-01,2026-06-08,329710.00,0.18,59348.00,329710.00,0.00,overdue,INR,tax invoice
AR-INV-2026-000160,INV-2026-000160,Vaishnavi Textiles LLP,CUST-012,2026-06-01,2026-06-16,821236.00,0.18,147822.00,821236.00,0.00,overdue,INR,tax invoice
AR-INV-2026-000161,INV-2026-000161,Trividata Warehousing Ltd,CUST-010,2026-06-01,2026-06-16,33878.00,0.18,6098.00,33878.00,0.00,open,INR,tax invoice
AR-INV-2026-000162,INV-2026-000162,Hiranyaka Hardware PVT LTD,CUST-002,2026-06-01,2026-06-16,263835.00,0.18,47490.00,263835.00,0.00,overdue,INR,tax invoice
AR-INV-2026-000163,INV-2026-000163,Raman Deep Conveyances Private Limited,CUST-005,2026-06-01,2026-06-16,3623002.00,0.18,652140.00,3623002.00,0.00,overdue,INR,tax invoice
AR-INV-2026-000164,INV-2026-000164,Anant Infra Solar EPC Ltd,CUST-008,2026-06-01,2026-07-31,164313.00,0.18,29576.00,164313.00,0.00,overdue,INR,tax invoice
AR-INV-2026-000171,INV-2026-000171,Raman Deep Conveyances Private Limited,CUST-005,2026-06-02,2026-06-17,672547.00,0.18,121058.00,672547.00,0.00,overdue,INR,tax invoice
AR-INV-2026-000172,INV-2026-000172,Hiranyaka Hardware PVT LTD,CUST-002,2026-06-02,2026-06-17,245711.00,0.18,44228.00,245711.00,0.00,overdue,INR,tax invoice
AR-INV-2026-000173,INV-2026-000173,Raman Deep Conveyances Private Limited,CUST-005,2026-06-02,2026-06-17,189590.00,0.18,34126.00,189590.00,0.00,overdue,INR,tax invoice short deduction
AR-INV-2026-000174,INV-2026-000174,Indusloom Roofing Products PVT LTD,CUST-011,2026-06-02,2026-07-02,385974.00,0.18,69475.00,385974.00,0.00,open,INR,tax invoice
AR-INV-2026-000175,INV-2026-000175,Anant Infra Catering Services Private Limited,CUST-014,2026-06-02,2026-07-17,589856.00,0.18,106174.00,589856.00,0.00,overdue,INR,tax invoice
AR-INV-2026-000181,INV-2026-000181,Raman Deep Conveyances Private Limited,CUST-005,2026-06-03,2026-06-18,5594420.00,0.18,1006996.00,5594420.00,0.00,overdue,INR,tax invoice short deduction
AR-INV-2026-000182,INV-2026-000182,Raman Deep Conveyances Private Limited,CUST-005,2026-06-03,2026-06-18,642449.00,0.18,115641.00,642449.00,0.00,overdue,INR,tax invoice
AR-INV-2026-000183,INV-2026-000183,Zenith One Electricals & Co,CUST-004,2026-06-03,2026-06-18,289474.00,0.18,52105.00,289474.00,0.00,overdue,INR,tax invoice
AR-INV-2026-000184,INV-2026-000184,Raman Deep Conveyances Private Limited,CUST-005,2026-06-03,2026-06-18,1690763.00,0.18,304337.00,1690763.00,0.00,overdue,INR,tax invoice
AR-INV-2026-000185,INV-2026-000185,Everstone Logistics Ltd,CUST-006,2026-06-03,2026-07-03,303995.00,0.18,54719.00,303995.00,0.00,overdue,INR,tax invoice
AR-INV-2026-000186,INV-2026-000186,Karman Print Solutions Private Limited,CUST-013,2026-06-03,2026-07-18,2004125.00,0.18,360742.00,2004125.00,0.00,overdue,INR,tax invoice
AR-INV-2026-000190,INV-2026-000190,Shree Balaji Recyclers Company,CUST-007,2026-06-04,2026-06-11,114556.00,0.18,20620.00,114556.00,0.00,overdue,INR,tax invoice
AR-INV-2026-000191,INV-2026-000191,Shree Balaji Recyclers Company,CUST-007,2026-06-04,2026-06-11,198977.00,0.18,35816.00,198977.00,0.00,overdue,INR,tax invoice
AR-INV-2026-000192,INV-2026-000192,Indusloom Roofing Products PVT LTD,CUST-011,2026-06-04,2026-07-04,201317.00,0.18,36237.00,201317.00,0.00,open,INR,tax invoice
AR-INV-2026-000193,INV-2026-000193,Anant Infra Solar EPC Ltd,CUST-008,2026-06-04,2026-08-03,158353.00,0.18,28504.00,158353.00,0.00,overdue,INR,tax invoice
AR-INV-2026-000196,INV-2026-000196,Trividata Warehousing Ltd,CUST-010,2026-06-05,2026-06-20,305194.00,0.18,54935.00,305194.00,0.00,open,INR,tax invoice
AR-INV-2026-000197,INV-2026-000197,Tansh Machine Parts Ltd,CUST-003,2026-06-05,2026-07-06,372403.00,0.18,67033.00,372403.00,0.00,overdue,INR,tax invoice
AR-INV-2026-000198,INV-2026-000198,Indusloom Roofing Products PVT LTD,CUST-011,2026-06-05,2026-07-06,542094.00,0.18,97577.00,542094.00,0.00,open,INR,tax invoice
AR-INV-2026-000199,INV-2026-000199,Indusloom Roofing Products PVT LTD,CUST-011,2026-06-05,2026-07-06,729720.00,0.18,131350.00,729720.00,0.00,overdue,INR,tax invoice
AR-INV-2026-000200,INV-2026-000200,Lohiya Polymers Private Limited,CUST-001,2026-06-05,2026-07-20,119724.00,0.18,21550.00,119724.00,0.00,overdue,INR,tax invoice
AR-INV-2026-000201,INV-2026-000201,Hiranyaka Hardware PVT LTD,CUST-002,2026-06-05,2026-06-20,491625.00,0.18,88492.00,491625.00,0.00,overdue,INR,tax invoice
AR-INV-2026-000202,INV-2026-000202,Trividata Warehousing Ltd,CUST-010,2026-06-05,2026-06-20,406973.00,0.18,73255.00,406973.00,0.00,overdue,INR,tax invoice
AR-INV-2026-000205,INV-2026-000205,Shree Balaji Recyclers Company,CUST-007,2026-06-06,2026-06-13,82595.00,0.18,14867.00,82595.00,0.00,overdue,INR,tax invoice
AR-INV-2026-000206,INV-2026-000206,Trividata Warehousing Ltd,CUST-010,2026-06-06,2026-06-22,93542.00,0.18,16838.00,93542.00,0.00,overdue,INR,tax invoice
AR-INV-2026-000207,INV-2026-000207,Indusloom Roofing Products PVT LTD,CUST-011,2026-06-06,2026-07-06,907123.00,0.18,163282.00,907123.00,0.00,overdue,INR,tax invoice
AR-INV-2026-000210,INV-2026-000210,Hiranyaka Hardware PVT LTD,CUST-002,2026-06-07,2026-06-22,73486.00,0.18,13227.00,73486.00,0.00,overdue,INR,tax invoice
AR-INV-2026-000211,INV-2026-000211,Zenith One Electricals & Co,CUST-004,2026-06-08,2026-06-23,188021.00,0.18,33844.00,188021.00,0.00,overdue,INR,tax invoice
AR-INV-2026-000212,INV-2026-000212,Trividata Warehousing Ltd,CUST-010,2026-06-08,2026-06-23,241810.00,0.18,43526.00,241810.00,0.00,overdue,INR,tax invoice
AR-INV-2026-000213,INV-2026-000213,Zenith One Electricals & Co,CUST-004,2026-06-08,2026-06-23,373053.00,0.18,67150.00,373053.00,0.00,overdue,INR,tax invoice
AR-INV-2026-000214,INV-2026-000214,Anant Infra Catering Services Private Limited,CUST-014,2026-06-08,2026-07-23,158603.00,0.18,28549.00,158603.00,0.00,overdue,INR,tax invoice
AR-INV-2026-000215,INV-2026-000215,Shree Balaji Recyclers Company,CUST-007,2026-06-08,2026-06-15,384703.00,0.18,69247.00,384703.00,0.00,overdue,INR,tax invoice
AR-INV-2026-000216,INV-2026-000216,Anant Infra Catering Services Private Limited,CUST-014,2026-06-08,2026-07-23,255482.00,0.18,45987.00,255482.00,0.00,overdue,INR,tax invoice
AR-INV-2026-000217,INV-2026-000217,Anant Infra Solar EPC Ltd,CUST-008,2026-06-08,2026-08-07,139164.00,0.18,25050.00,139164.00,0.00,overdue,INR,tax invoice
AR-INV-2026-000218,INV-2026-000218,Tansh Machine Parts Ltd,CUST-003,2026-06-08,2026-07-08,147292.00,0.18,26513.00,147292.00,0.00,overdue,INR,tax invoice
AR-INV-2026-000223,INV-2026-000223,Zenith One Electricals & Co,CUST-004,2026-06-09,2026-06-24,257203.00,0.18,46297.00,257203.00,0.00,overdue,INR,tax invoice
AR-INV-2026-000224,INV-2026-000224,Anant Infra Catering Services Private Limited,CUST-014,2026-06-09,2026-07-24,123980.00,0.18,22316.00,123980.00,0.00,overdue,INR,tax invoice
AR-INV-2026-000225,INV-2026-000225,Lohiya Polymers Private Limited,CUST-001,2026-06-09,2026-07-24,390789.00,0.18,70342.00,390789.00,0.00,overdue,INR,tax invoice
AR-INV-2026-000226,INV-2026-000226,Zenith One Electricals & Co,CUST-004,2026-06-09,2026-06-24,384074.00,0.18,69133.00,384074.00,0.00,overdue,INR,tax invoice
AR-INV-2026-000227,INV-2026-000227,Hiranyaka Hardware PVT LTD,CUST-002,2026-06-09,2026-06-24,161889.00,0.18,29140.00,161889.00,0.00,overdue,INR,tax invoice
AR-INV-2026-000228,INV-2026-000228,Anant Infra Catering Services Private Limited,CUST-014,2026-06-09,2026-07-24,87825.00,0.18,15808.00,87825.00,0.00,overdue,INR,tax invoice
AR-INV-2026-000229,INV-2026-000229,Zenith One Electricals & Co,CUST-004,2026-06-09,2026-06-24,243602.00,0.18,43848.00,243602.00,0.00,overdue,INR,tax invoice
AR-INV-2026-000232,INV-2026-000232,Lohiya Polymers Private Limited,CUST-001,2026-06-10,2026-07-25,132777.00,0.18,23900.00,132777.00,0.00,overdue,INR,tax invoice
AR-INV-2026-000233,INV-2026-000233,Everstone Logistics Ltd,CUST-006,2026-06-10,2026-07-10,1660080.00,0.18,298814.00,1660080.00,0.00,overdue,INR,tax invoice
AR-INV-2026-000236,INV-2026-000236,Hiranyaka Hardware PVT LTD,CUST-002,2026-06-11,2026-06-26,122516.00,0.18,22053.00,122516.00,0.00,open,INR,tax invoice
AR-INV-2026-000237,INV-2026-000237,Anant Infra Solar EPC Ltd,CUST-008,2026-06-11,2026-08-10,50853.00,0.18,9154.00,50853.00,0.00,overdue,INR,tax invoice
AR-INV-2026-000238,INV-2026-000238,Zenith One Electricals & Co,CUST-004,2026-06-11,2026-06-26,216750.00,0.18,39015.00,216750.00,0.00,overdue,INR,tax invoice
AR-INV-2026-000239,INV-2026-000239,Vaishnavi Textiles LLP,CUST-012,2026-06-11,2026-06-26,455760.00,0.18,82037.00,455760.00,0.00,open,INR,tax invoice
AR-INV-2026-000240,INV-2026-000240,Anant Infra Solar EPC Ltd,CUST-008,2026-06-11,2026-08-10,222493.00,0.18,40049.00,222493.00,0.00,overdue,INR,tax invoice
AR-INV-2026-000241,INV-2026-000241,Lohiya Polymers Private Limited,CUST-001,2026-06-11,2026-07-27,83845.00,0.18,15092.00,83845.00,0.00,overdue,INR,tax invoice
AR-INV-2026-000247,INV-2026-000247,Raman Deep Conveyances Private Limited,CUST-005,2026-06-12,2026-06-27,1080182.00,0.18,194433.00,1080182.00,0.00,overdue,INR,tax invoice
AR-INV-2026-000248,INV-2026-000248,Anant Infra Solar EPC Ltd,CUST-008,2026-06-12,2026-08-11,394770.00,0.18,71059.00,394770.00,0.00,overdue,INR,tax invoice
AR-INV-2026-000249,INV-2026-000249,Hiranyaka Hardware PVT LTD,CUST-002,2026-06-12,2026-06-27,137655.00,0.18,24778.00,137655.00,0.00,open,INR,tax invoice
AR-INV-2026-000250,INV-2026-000250,Anant Infra Catering Services Private Limited,CUST-014,2026-06-12,2026-07-27,388130.00,0.18,69863.00,388130.00,0.00,overdue,INR,tax invoice
AR-INV-2026-000251,INV-2026-000251,Karman Print Solutions Private Limited,CUST-013,2026-06-12,2026-07-27,2085591.00,0.18,375406.00,2085591.00,0.00,overdue,INR,tax invoice
AR-INV-2026-000252,INV-2026-000252,Hiranyaka Hardware PVT LTD,CUST-002,2026-06-12,2026-06-27,376435.00,0.18,67758.00,376435.00,0.00,open,INR,tax invoice
AR-INV-2026-000253,INV-2026-000253,Tansh Machine Parts Ltd,CUST-003,2026-06-12,2026-07-13,188961.00,0.18,34013.00,188961.00,0.00,overdue,INR,tax invoice
AR-INV-2026-000254,INV-2026-000254,Anant Infra Catering Services Private Limited,CUST-014,2026-06-12,2026-07-27,153800.00,0.18,27684.00,153800.00,0.00,overdue,INR,tax invoice
AR-INV-2026-000255,INV-2026-000255,Lohiya Polymers Private Limited,CUST-001,2026-06-12,2026-07-27,883233.00,0.18,158982.00,883233.00,0.00,overdue,INR,tax invoice
AR-INV-2026-000259,INV-2026-000259,Anant Infra Catering Services Private Limited,CUST-014,2026-06-13,2026-07-28,92919.00,0.18,16725.00,92919.00,0.00,overdue,INR,tax invoice
AR-INV-2026-000260,INV-2026-000260,Anant Infra Catering Services Private Limited,CUST-014,2026-06-13,2026-07-28,164558.00,0.18,29620.00,164558.00,0.00,overdue,INR,tax invoice
AR-INV-2026-000261,INV-2026-000261,Anant Infra Catering Services Private Limited,CUST-014,2026-06-13,2026-07-28,116378.00,0.18,20948.00,116378.00,0.00,overdue,INR,tax invoice
AR-INV-2026-000268,INV-2026-000268,Raman Deep Conveyances Private Limited,CUST-005,2026-06-15,2026-06-30,1242352.00,0.18,223623.00,1242352.00,0.00,overdue,INR,tax invoice
AR-INV-2026-000269,INV-2026-000269,Shree Balaji Recyclers Company,CUST-007,2026-06-15,2026-06-22,126632.00,0.18,22794.00,126632.00,0.00,overdue,INR,tax invoice
AR-INV-2026-000270,INV-2026-000270,Vaishnavi Textiles LLP,CUST-012,2026-06-15,2026-06-30,821403.00,0.18,147853.00,821403.00,0.00,open,INR,tax invoice
AR-INV-2026-000271,INV-2026-000271,Lohiya Polymers Private Limited,CUST-001,2026-06-15,2026-07-30,281618.00,0.18,50691.00,281618.00,0.00,overdue,INR,tax invoice
AR-INV-2026-000274,INV-2026-000274,Zenith One Electricals & Co,CUST-004,2026-06-16,2026-07-01,393541.00,0.18,70837.00,393541.00,0.00,overdue,INR,tax invoice
AR-INV-2026-000275,INV-2026-000275,Raman Deep Conveyances Private Limited,CUST-005,2026-06-16,2026-07-01,312214.00,0.18,56199.00,312214.00,0.00,overdue,INR,tax invoice
AR-INV-2026-000276,INV-2026-000276,Shree Balaji Recyclers Company,CUST-007,2026-06-16,2026-06-23,155539.00,0.18,27997.00,155539.00,0.00,overdue,INR,tax invoice
AR-INV-2026-000277,INV-2026-000277,Anant Infra Solar EPC Ltd,CUST-008,2026-06-16,2026-08-17,1326454.00,0.18,238762.00,1326454.00,0.00,overdue,INR,tax invoice
AR-INV-2026-000278,INV-2026-000278,Saptagiri Water Treatment LLP,CUST-009,2026-06-16,2026-07-01,1465688.00,0.18,263824.00,1465688.00,0.00,overdue,INR,tax invoice
AR-INV-2026-000285,INV-2026-000285,Hiranyaka Hardware PVT LTD,CUST-002,2026-06-17,2026-07-02,64262.00,0.18,11567.00,64262.00,0.00,overdue,INR,tax invoice
AR-INV-2026-000286,INV-2026-000286,Everstone Logistics Ltd,CUST-006,2026-06-17,2026-07-17,296005.00,0.18,53281.00,296005.00,0.00,overdue,INR,tax invoice
AR-INV-2026-000287,INV-2026-000287,Anant Infra Solar EPC Ltd,CUST-008,2026-06-17,2026-08-17,546453.00,0.18,98362.00,546453.00,0.00,overdue,INR,tax invoice
AR-INV-2026-000288,INV-2026-000288,Lohiya Polymers Private Limited,CUST-001,2026-06-17,2026-08-01,190265.00,0.18,34248.00,190265.00,0.00,overdue,INR,tax invoice
AR-INV-2026-000289,INV-2026-000289,Vaishnavi Textiles LLP,CUST-012,2026-06-17,2026-07-02,602938.00,0.18,108529.00,602938.00,0.00,open,INR,tax invoice
AR-INV-2026-000292,INV-2026-000292,Anant Infra Catering Services Private Limited,CUST-014,2026-06-18,2026-08-03,224392.00,0.18,40391.00,224392.00,0.00,overdue,INR,tax invoice
AR-INV-2026-000293,INV-2026-000293,Lohiya Polymers Private Limited,CUST-001,2026-06-18,2026-08-03,127786.00,0.18,23001.00,127786.00,0.00,overdue,INR,tax invoice
AR-INV-2026-000294,INV-2026-000294,Zenith One Electricals & Co,CUST-004,2026-06-18,2026-07-03,291515.00,0.18,52473.00,291515.00,0.00,overdue,INR,tax invoice short deduction
AR-INV-2026-000295,INV-2026-000295,Lohiya Polymers Private Limited,CUST-001,2026-06-18,2026-08-03,505475.00,0.18,90985.00,505475.00,0.00,overdue,INR,tax invoice
AR-INV-2026-000303,INV-2026-000303,Saptagiri Water Treatment LLP,CUST-009,2026-06-19,2026-07-04,2465155.00,0.18,443728.00,2465155.00,0.00,overdue,INR,tax invoice
AR-INV-2026-000304,INV-2026-000304,Lohiya Polymers Private Limited,CUST-001,2026-06-19,2026-08-03,353309.00,0.18,63596.00,353309.00,0.00,overdue,INR,tax invoice
AR-INV-2026-000305,INV-2026-000305,Saptagiri Water Treatment LLP,CUST-009,2026-06-19,2026-07-04,322054.00,0.18,57970.00,322054.00,0.00,overdue,INR,tax invoice
AR-INV-2026-000306,INV-2026-000306,Anant Infra Catering Services Private Limited,CUST-014,2026-06-19,2026-08-03,168034.00,0.18,30246.00,168034.00,0.00,overdue,INR,tax invoice
AR-INV-2026-000307,INV-2026-000307,Anant Infra Catering Services Private Limited,CUST-014,2026-06-19,2026-08-03,229029.00,0.18,41225.00,229029.00,0.00,overdue,INR,tax invoice
AR-INV-2026-000308,INV-2026-000308,Indusloom Roofing Products PVT LTD,CUST-011,2026-06-19,2026-07-20,760665.00,0.18,136920.00,760665.00,0.00,overdue,INR,tax invoice
AR-INV-2026-000309,INV-2026-000309,Shree Balaji Recyclers Company,CUST-007,2026-06-19,2026-06-26,252240.00,0.18,45403.00,252240.00,0.00,overdue,INR,tax invoice
AR-INV-2026-000316,INV-2026-000316,Anant Infra Solar EPC Ltd,CUST-008,2026-06-20,2026-08-19,127882.00,0.18,23019.00,127882.00,0.00,overdue,INR,tax invoice short deduction
AR-INV-2026-000317,INV-2026-000317,Saptagiri Water Treatment LLP,CUST-009,2026-06-20,2026-07-06,1764730.00,0.18,317651.00,1764730.00,0.00,overdue,INR,tax invoice
AR-INV-2026-000321,INV-2026-000321,Zenith One Electricals & Co,CUST-004,2026-06-21,2026-07-06,261545.00,0.18,47078.00,261545.00,0.00,open,INR,tax invoice
AR-INV-2026-000323,INV-2026-000323,Saptagiri Water Treatment LLP,CUST-009,2026-06-22,2026-07-07,2167751.00,0.18,390195.00,2167751.00,0.00,overdue,INR,tax invoice
AR-INV-2026-000324,INV-2026-000324,Indusloom Roofing Products PVT LTD,CUST-011,2026-06-22,2026-07-22,533729.00,0.18,96071.00,533729.00,0.00,overdue,INR,tax invoice
AR-INV-2026-000328,INV-2026-000328,Karman Print Solutions Private Limited,CUST-013,2026-06-23,2026-08-07,1024959.00,0.18,184493.00,1024959.00,0.00,overdue,INR,tax invoice
AR-INV-2026-000329,INV-2026-000329,Zenith One Electricals & Co,CUST-004,2026-06-23,2026-07-08,267583.00,0.18,48165.00,267583.00,0.00,open,INR,tax invoice
AR-INV-2026-000330,INV-2026-000330,Tansh Machine Parts Ltd,CUST-003,2026-06-23,2026-07-23,227182.00,0.18,40893.00,227182.00,0.00,overdue,INR,tax invoice
AR-INV-2026-000331,INV-2026-000331,Trividata Warehousing Ltd,CUST-010,2026-06-23,2026-07-08,242912.00,0.18,43724.00,242912.00,0.00,overdue,INR,tax invoice
AR-INV-2026-000332,INV-2026-000332,Trividata Warehousing Ltd,CUST-010,2026-06-23,2026-07-08,924437.00,0.18,166399.00,924437.00,0.00,overdue,INR,tax invoice
AR-INV-2026-000333,INV-2026-000333,Tansh Machine Parts Ltd,CUST-003,2026-06-23,2026-07-23,410311.00,0.18,73856.00,410311.00,0.00,overdue,INR,tax invoice
AR-INV-2026-000339,INV-2026-000339,Saptagiri Water Treatment LLP,CUST-009,2026-06-24,2026-07-09,391613.00,0.18,70490.00,391613.00,0.00,overdue,INR,tax invoice
AR-INV-2026-000340,INV-2026-000340,Vaishnavi Textiles LLP,CUST-012,2026-06-24,2026-07-09,607869.00,0.18,109416.00,607869.00,0.00,overdue,INR,tax invoice
AR-INV-2026-000341,INV-2026-000341,Zenith One Electricals & Co,CUST-004,2026-06-24,2026-07-09,401091.00,0.18,72196.00,401091.00,0.00,open,INR,tax invoice
AR-INV-2026-000342,INV-2026-000342,Indusloom Roofing Products PVT LTD,CUST-011,2026-06-24,2026-07-24,538281.00,0.18,96891.00,538281.00,0.00,overdue,INR,tax invoice
AR-INV-2026-000343,INV-2026-000343,Everstone Logistics Ltd,CUST-006,2026-06-24,2026-07-24,128543.00,0.18,23138.00,128543.00,0.00,overdue,INR,tax invoice
AR-INV-2026-000344,INV-2026-000344,Saptagiri Water Treatment LLP,CUST-009,2026-06-24,2026-07-09,1253426.00,0.18,225617.00,1253426.00,0.00,overdue,INR,tax invoice
AR-INV-2026-000349,INV-2026-000349,Indusloom Roofing Products PVT LTD,CUST-011,2026-06-25,2026-07-25,243416.00,0.18,43815.00,243416.00,0.00,overdue,INR,tax invoice
AR-INV-2026-000350,INV-2026-000350,Saptagiri Water Treatment LLP,CUST-009,2026-06-25,2026-07-10,1096304.00,0.18,197335.00,1096304.00,0.00,overdue,INR,tax invoice
AR-INV-2026-000351,INV-2026-000351,Zenith One Electricals & Co,CUST-004,2026-06-25,2026-07-10,276442.00,0.18,49760.00,276442.00,0.00,overdue,INR,tax invoice
AR-INV-2026-000352,INV-2026-000352,Everstone Logistics Ltd,CUST-006,2026-06-25,2026-07-25,241032.00,0.18,43386.00,241032.00,0.00,overdue,INR,tax invoice
AR-INV-2026-000353,INV-2026-000353,Raman Deep Conveyances Private Limited,CUST-005,2026-06-25,2026-07-10,542720.00,0.18,97690.00,542720.00,0.00,overdue,INR,tax invoice
AR-INV-2026-000354,INV-2026-000354,Hiranyaka Hardware PVT LTD,CUST-002,2026-06-25,2026-07-10,346214.00,0.18,62319.00,346214.00,0.00,open,INR,tax invoice
AR-INV-2026-000355,INV-2026-000355,Zenith One Electricals & Co,CUST-004,2026-06-25,2026-07-10,344952.00,0.18,62091.00,344952.00,0.00,overdue,INR,tax invoice
AR-INV-2026-000362,INV-2026-000362,Everstone Logistics Ltd,CUST-006,2026-06-26,2026-07-27,236101.00,0.18,42498.00,236101.00,0.00,overdue,INR,tax invoice
AR-INV-2026-000363,INV-2026-000363,Karman Print Solutions Private Limited,CUST-013,2026-06-26,2026-08-10,242566.00,0.18,43662.00,242566.00,0.00,overdue,INR,tax invoice short deduction
AR-INV-2026-000364,INV-2026-000364,Indusloom Roofing Products PVT LTD,CUST-011,2026-06-26,2026-07-27,394725.00,0.18,71050.00,394725.00,0.00,overdue,INR,tax invoice
AR-INV-2026-000365,INV-2026-000365,Anant Infra Solar EPC Ltd,CUST-008,2026-06-26,2026-08-25,311969.00,0.18,56154.00,311969.00,0.00,overdue,INR,tax invoice
AR-INV-2026-000366,INV-2026-000366,Saptagiri Water Treatment LLP,CUST-009,2026-06-26,2026-07-11,3498241.00,0.18,629683.00,3498241.00,0.00,overdue,INR,tax invoice
AR-INV-2026-000367,INV-2026-000367,Indusloom Roofing Products PVT LTD,CUST-011,2026-06-26,2026-07-27,945698.00,0.18,170226.00,945698.00,0.00,overdue,INR,tax invoice
AR-INV-2026-000371,INV-2026-000371,Lohiya Polymers Private Limited,CUST-001,2026-06-27,2026-08-11,286902.00,0.18,51642.00,286902.00,0.00,overdue,INR,tax invoice
AR-INV-2026-000372,INV-2026-000372,Raman Deep Conveyances Private Limited,CUST-005,2026-06-27,2026-07-13,4575368.00,0.18,823566.00,4575368.00,0.00,overdue,INR,tax invoice
AR-INV-2026-000373,INV-2026-000373,Karman Print Solutions Private Limited,CUST-013,2026-06-27,2026-08-11,271219.00,0.18,48819.00,271219.00,0.00,overdue,INR,tax invoice
AR-INV-2026-000374,INV-2026-000374,Everstone Logistics Ltd,CUST-006,2026-06-27,2026-07-27,1099725.00,0.18,197950.00,1099725.00,0.00,overdue,INR,tax invoice short deduction
AR-INV-2026-000378,INV-2026-000378,Trividata Warehousing Ltd,CUST-010,2026-06-28,2026-07-13,173883.00,0.18,31299.00,173883.00,0.00,overdue,INR,tax invoice
AR-INV-2026-000382,INV-2026-000382,Karman Print Solutions Private Limited,CUST-013,2026-06-29,2026-08-13,275606.00,0.18,49609.00,275606.00,0.00,overdue,INR,tax invoice
AR-INV-2026-000383,INV-2026-000383,Lohiya Polymers Private Limited,CUST-001,2026-06-29,2026-08-13,300226.00,0.18,54041.00,300226.00,0.00,overdue,INR,tax invoice
AR-INV-2026-000384,INV-2026-000384,Zenith One Electricals & Co,CUST-004,2026-06-29,2026-07-14,360519.00,0.18,64893.00,360519.00,0.00,overdue,INR,tax invoice
AR-INV-2026-000385,INV-2026-000385,Vaishnavi Textiles LLP,CUST-012,2026-06-29,2026-07-14,2636351.00,0.18,474543.00,2636351.00,0.00,overdue,INR,tax invoice
AR-INV-2026-000386,INV-2026-000386,Saptagiri Water Treatment LLP,CUST-009,2026-06-29,2026-07-14,254748.00,0.18,45855.00,254748.00,0.00,overdue,INR,tax invoice
AR-INV-2026-000387,INV-2026-000387,Raman Deep Conveyances Private Limited,CUST-005,2026-06-29,2026-07-14,643103.00,0.18,115759.00,643103.00,0.00,open,INR,tax invoice
AR-INV-2026-000388,INV-2026-000388,Karman Print Solutions Private Limited,CUST-013,2026-06-29,2026-08-13,816850.00,0.18,147033.00,816850.00,0.00,overdue,INR,tax invoice
AR-INV-2026-000389,INV-2026-000389,Raman Deep Conveyances Private Limited,CUST-005,2026-06-29,2026-07-14,371706.00,0.18,66907.00,371706.00,0.00,open,INR,tax invoice
AR-INV-2026-000398,INV-2026-000398,Raman Deep Conveyances Private Limited,CUST-005,2026-06-30,2026-07-15,157601.00,0.18,28368.00,157601.00,0.00,open,INR,tax invoice
AR-INV-2026-000399,INV-2026-000399,Anant Infra Solar EPC Ltd,CUST-008,2026-06-30,2026-08-29,405358.00,0.18,72964.00,405358.00,0.00,overdue,INR,tax invoice
AR-INV-2026-000400,INV-2026-000400,Everstone Logistics Ltd,CUST-006,2026-06-30,2026-07-30,612326.00,0.18,110219.00,612326.00,0.00,overdue,INR,tax invoice
AR-INV-2026-000401,INV-2026-000401,Indusloom Roofing Products PVT LTD,CUST-011,2026-06-30,2026-07-30,403743.00,0.18,72674.00,403743.00,0.00,overdue,INR,tax invoice
AR-INV-2026-000402,INV-2026-000402,Vaishnavi Textiles LLP,CUST-012,2026-06-30,2026-07-15,311747.00,0.18,56114.00,311747.00,0.00,overdue,INR,tax invoice
AR-INV-2026-000403,INV-2026-000403,Karman Print Solutions Private Limited,CUST-013,2026-06-30,2026-08-14,1101002.00,0.18,198180.00,1101002.00,0.00,overdue,INR,tax invoice
AR-INV-2026-000404,INV-2026-000404,Tansh Machine Parts Ltd,CUST-003,2026-06-30,2026-07-30,600679.00,0.18,108122.00,600679.00,0.00,overdue,INR,tax invoice
AR-INV-2026-000405,INV-2026-000405,Hiranyaka Hardware PVT LTD,CUST-002,2026-06-30,2026-07-15,128583.00,0.18,23145.00,128583.00,0.00,open,INR,tax invoice
AR-INV-2026-000406,INV-2026-000406,Zenith One Electricals & Co,CUST-004,2026-06-30,2026-07-15,354864.00,0.18,63876.00,354864.00,0.00,overdue,INR,tax invoice
AR-INV-2026-000416,INV-2026-000416,Zenith One Electricals & Co,CUST-004,2026-07-01,2026-07-16,834006.00,0.18,150121.00,834006.00,0.00,overdue,INR,tax invoice
AR-INV-2026-000417,INV-2026-000417,Hiranyaka Hardware PVT LTD,CUST-002,2026-07-01,2026-07-16,203614.00,0.18,36651.00,203614.00,0.00,open,INR,tax invoice
AR-INV-2026-000418,INV-2026-000418,Saptagiri Water Treatment LLP,CUST-009,2026-07-01,2026-07-16,804694.00,0.18,144845.00,804694.00,0.00,overdue,INR,tax invoice
AR-INV-2026-000419,INV-2026-000419,Raman Deep Conveyances Private Limited,CUST-005,2026-07-01,2026-07-16,5642663.00,0.18,1015679.00,5642663.00,0.00,overdue,INR,tax invoice
AR-INV-2026-000420,INV-2026-000420,Zenith One Electricals & Co,CUST-004,2026-07-01,2026-07-16,363935.00,0.18,65508.00,363935.00,0.00,overdue,INR,tax invoice
AR-INV-2026-000424,INV-2026-000424,Vaishnavi Textiles LLP,CUST-012,2026-07-02,2026-07-17,487734.00,0.18,87792.00,487734.00,0.00,overdue,INR,tax invoice
AR-INV-2026-000425,INV-2026-000425,Trividata Warehousing Ltd,CUST-010,2026-07-02,2026-07-17,138169.00,0.18,24870.00,138169.00,0.00,overdue,INR,tax invoice
AR-INV-2026-000426,INV-2026-000426,Anant Infra Solar EPC Ltd,CUST-008,2026-07-02,2026-08-31,342870.00,0.18,61717.00,342870.00,0.00,overdue,INR,tax invoice
AR-INV-2026-000427,INV-2026-000427,Everstone Logistics Ltd,CUST-006,2026-07-02,2026-08-01,426984.00,0.18,76857.00,426984.00,0.00,overdue,INR,tax invoice
AR-INV-2026-000428,INV-2026-000428,Anant Infra Solar EPC Ltd,CUST-008,2026-07-02,2026-08-31,2167689.00,0.18,390184.00,2167689.00,0.00,overdue,INR,tax invoice
AR-INV-2026-000429,INV-2026-000429,Zenith One Electricals & Co,CUST-004,2026-07-02,2026-07-17,572876.00,0.18,103118.00,572876.00,0.00,overdue,INR,tax invoice
AR-INV-2026-000433,INV-2026-000433,Anant Infra Catering Services Private Limited,CUST-014,2026-07-03,2026-08-17,463722.00,0.18,83470.00,463722.00,0.00,overdue,INR,tax invoice
AR-INV-2026-000434,INV-2026-000434,Lohiya Polymers Private Limited,CUST-001,2026-07-03,2026-08-17,189068.00,0.18,34032.00,189068.00,0.00,overdue,INR,tax invoice
AR-INV-2026-000435,INV-2026-000435,Zenith One Electricals & Co,CUST-004,2026-07-03,2026-07-18,278579.00,0.18,50144.00,278579.00,0.00,overdue,INR,tax invoice
AR-INV-2026-000436,INV-2026-000436,Lohiya Polymers Private Limited,CUST-001,2026-07-03,2026-08-17,185170.00,0.18,33331.00,185170.00,0.00,overdue,INR,tax invoice
AR-INV-2026-000437,INV-2026-000437,Tansh Machine Parts Ltd,CUST-003,2026-07-03,2026-08-03,212772.00,0.18,38299.00,212772.00,0.00,overdue,INR,tax invoice
AR-INV-2026-000438,INV-2026-000438,Vaishnavi Textiles LLP,CUST-012,2026-07-04,2026-07-20,933188.00,0.18,167974.00,933188.00,0.00,overdue,INR,tax invoice
AR-INV-2026-000439,INV-2026-000439,Zenith One Electricals & Co,CUST-004,2026-07-04,2026-07-20,141475.00,0.18,25465.00,141475.00,0.00,overdue,INR,tax invoice
AR-INV-2026-000443,INV-2026-000443,Saptagiri Water Treatment LLP,CUST-009,2026-07-06,2026-07-21,6000000.00,0.18,1080000.00,6000000.00,0.00,overdue,INR,tax invoice
AR-INV-2026-000444,INV-2026-000444,Raman Deep Conveyances Private Limited,CUST-005,2026-07-06,2026-07-21,236679.00,0.18,42602.00,236679.00,0.00,overdue,INR,tax invoice
AR-INV-2026-000445,INV-2026-000445,Raman Deep Conveyances Private Limited,CUST-005,2026-07-06,2026-07-21,2598813.00,0.18,467786.00,2598813.00,0.00,overdue,INR,tax invoice
AR-INV-2026-000446,INV-2026-000446,Raman Deep Conveyances Private Limited,CUST-005,2026-07-06,2026-07-21,1114315.00,0.18,200577.00,1114315.00,0.00,overdue,INR,tax invoice
AR-INV-2026-000447,INV-2026-000447,Trividata Warehousing Ltd,CUST-010,2026-07-06,2026-07-21,187374.00,0.18,33727.00,187374.00,0.00,overdue,INR,tax invoice
AR-INV-2026-000453,INV-2026-000453,Tansh Machine Parts Ltd,CUST-003,2026-07-07,2026-08-06,127665.00,0.18,22980.00,127665.00,0.00,overdue,INR,tax invoice
AR-INV-2026-000454,INV-2026-000454,Hiranyaka Hardware PVT LTD,CUST-002,2026-07-07,2026-07-22,291968.00,0.18,52554.00,291968.00,0.00,overdue,INR,tax invoice
AR-INV-2026-000455,INV-2026-000455,Lohiya Polymers Private Limited,CUST-001,2026-07-07,2026-08-21,150538.00,0.18,27097.00,150538.00,0.00,overdue,INR,tax invoice
AR-INV-2026-000456,INV-2026-000456,Shree Balaji Recyclers Company,CUST-007,2026-07-07,2026-07-14,223140.00,0.18,40165.00,223140.00,0.00,overdue,INR,tax invoice
AR-INV-2026-000457,INV-2026-000457,Shree Balaji Recyclers Company,CUST-007,2026-07-07,2026-07-14,140842.00,0.18,25352.00,140842.00,0.00,overdue,INR,tax invoice
AR-INV-2026-000458,INV-2026-000458,Hiranyaka Hardware PVT LTD,CUST-002,2026-07-07,2026-07-22,197194.00,0.18,35495.00,197194.00,0.00,overdue,INR,tax invoice
AR-INV-2026-000461,INV-2026-000461,Trividata Warehousing Ltd,CUST-010,2026-07-08,2026-07-23,164110.00,0.18,29540.00,164110.00,0.00,overdue,INR,tax invoice
AR-INV-2026-000462,INV-2026-000462,Tansh Machine Parts Ltd,CUST-003,2026-07-08,2026-08-07,249455.00,0.18,44902.00,249455.00,0.00,overdue,INR,tax invoice
AR-INV-2026-000463,INV-2026-000463,Indusloom Roofing Products PVT LTD,CUST-011,2026-07-08,2026-08-07,619995.00,0.18,111599.00,619995.00,0.00,overdue,INR,tax invoice
AR-INV-2026-000466,INV-2026-000466,Vaishnavi Textiles LLP,CUST-012,2026-07-09,2026-07-24,1187076.00,0.18,213674.00,1187076.00,0.00,overdue,INR,tax invoice
AR-INV-2026-000467,INV-2026-000467,Raman Deep Conveyances Private Limited,CUST-005,2026-07-09,2026-07-24,924078.00,0.18,166334.00,924078.00,0.00,overdue,INR,tax invoice
AR-INV-2026-000471,INV-2026-000471,Hiranyaka Hardware PVT LTD,CUST-002,2026-07-10,2026-07-25,502000.00,0.18,90360.00,502000.00,0.00,overdue,INR,tax invoice
AR-INV-2026-000472,INV-2026-000472,Shree Balaji Recyclers Company,CUST-007,2026-07-10,2026-07-17,241703.00,0.18,43507.00,241703.00,0.00,overdue,INR,tax invoice
AR-INV-2026-000473,INV-2026-000473,Hiranyaka Hardware PVT LTD,CUST-002,2026-07-10,2026-07-25,293700.00,0.18,52866.00,293700.00,0.00,overdue,INR,tax invoice
AR-INV-2026-000474,INV-2026-000474,Vaishnavi Textiles LLP,CUST-012,2026-07-10,2026-07-25,917553.00,0.18,165160.00,917553.00,0.00,overdue,INR,tax invoice
AR-INV-2026-000475,INV-2026-000475,Vaishnavi Textiles LLP,CUST-012,2026-07-10,2026-07-25,1228788.00,0.18,221182.00,1228788.00,0.00,overdue,INR,tax invoice
AR-INV-2026-000476,INV-2026-000476,Tansh Machine Parts Ltd,CUST-003,2026-07-10,2026-08-10,781580.00,0.18,140684.00,781580.00,0.00,overdue,INR,tax invoice
AR-INV-2026-000477,INV-2026-000477,Anant Infra Catering Services Private Limited,CUST-014,2026-07-10,2026-08-24,178730.00,0.18,32171.00,178730.00,0.00,overdue,INR,tax invoice
AR-INV-2026-000483,INV-2026-000483,Anant Infra Solar EPC Ltd,CUST-008,2026-07-11,2026-09-09,393185.00,0.18,70773.00,393185.00,0.00,open,INR,tax invoice
AR-INV-2026-000488,INV-2026-000488,Indusloom Roofing Products PVT LTD,CUST-011,2026-07-13,2026-08-12,468988.00,0.18,84418.00,468988.00,0.00,overdue,INR,tax invoice
AR-INV-2026-000489,INV-2026-000489,Anant Infra Catering Services Private Limited,CUST-014,2026-07-13,2026-08-27,721941.00,0.18,129949.00,721941.00,0.00,overdue,INR,tax invoice
AR-INV-2026-000490,INV-2026-000490,Anant Infra Solar EPC Ltd,CUST-008,2026-07-13,2026-09-11,214090.00,0.18,38536.00,214090.00,0.00,open,INR,tax invoice
AR-INV-2026-000491,INV-2026-000491,Tansh Machine Parts Ltd,CUST-003,2026-07-13,2026-08-12,154139.00,0.18,27745.00,154139.00,0.00,overdue,INR,tax invoice
AR-INV-2026-000492,INV-2026-000492,Trividata Warehousing Ltd,CUST-010,2026-07-13,2026-07-28,51078.00,0.18,9194.00,51078.00,0.00,overdue,INR,tax invoice
AR-INV-2026-000493,INV-2026-000493,Saptagiri Water Treatment LLP,CUST-009,2026-07-13,2026-07-28,1148494.00,0.18,206729.00,1148494.00,0.00,overdue,INR,tax invoice
AR-INV-2026-000496,INV-2026-000496,Everstone Logistics Ltd,CUST-006,2026-07-14,2026-08-13,840229.00,0.18,151241.00,840229.00,0.00,overdue,INR,tax invoice
AR-INV-2026-000497,INV-2026-000497,Karman Print Solutions Private Limited,CUST-013,2026-07-14,2026-08-28,435403.00,0.18,78373.00,435403.00,0.00,overdue,INR,tax invoice
AR-INV-2026-000498,INV-2026-000498,Vaishnavi Textiles LLP,CUST-012,2026-07-14,2026-07-29,576640.00,0.18,103795.00,576640.00,0.00,overdue,INR,tax invoice
AR-INV-2026-000499,INV-2026-000499,Vaishnavi Textiles LLP,CUST-012,2026-07-15,2026-07-30,973956.00,0.18,175312.00,973956.00,0.00,overdue,INR,tax invoice
AR-INV-2026-000500,INV-2026-000500,Anant Infra Catering Services Private Limited,CUST-014,2026-07-15,2026-08-29,200116.00,0.18,36021.00,200116.00,0.00,overdue,INR,tax invoice
AR-INV-2026-000505,INV-2026-000505,Indusloom Roofing Products PVT LTD,CUST-011,2026-07-16,2026-08-17,441188.00,0.18,79414.00,441188.00,0.00,overdue,INR,tax invoice
AR-INV-2026-000506,INV-2026-000506,Anant Infra Catering Services Private Limited,CUST-014,2026-07-16,2026-08-31,64542.00,0.18,11618.00,64542.00,0.00,overdue,INR,tax invoice
AR-INV-2026-000507,INV-2026-000507,Saptagiri Water Treatment LLP,CUST-009,2026-07-16,2026-07-31,218341.00,0.18,39301.00,218341.00,0.00,overdue,INR,tax invoice
AR-INV-2026-000508,INV-2026-000508,Zenith One Electricals & Co,CUST-004,2026-07-16,2026-07-31,498061.00,0.18,89651.00,498061.00,0.00,overdue,INR,tax invoice
AR-INV-2026-000509,INV-2026-000509,Raman Deep Conveyances Private Limited,CUST-005,2026-07-16,2026-07-31,1012647.00,0.18,182276.00,1012647.00,0.00,overdue,INR,tax invoice
AR-INV-2026-000510,INV-2026-000510,Hiranyaka Hardware PVT LTD,CUST-002,2026-07-16,2026-07-31,961959.00,0.18,173153.00,961959.00,0.00,overdue,INR,tax invoice short deduction
AR-INV-2026-000511,INV-2026-000511,Tansh Machine Parts Ltd,CUST-003,2026-07-16,2026-08-17,298940.00,0.18,53809.00,298940.00,0.00,overdue,INR,tax invoice
AR-INV-2026-000512,INV-2026-000512,Anant Infra Solar EPC Ltd,CUST-008,2026-07-16,2026-09-14,86097.00,0.18,15497.00,86097.00,0.00,open,INR,tax invoice short deduction
AR-INV-2026-000515,INV-2026-000515,Anant Infra Catering Services Private Limited,CUST-014,2026-07-17,2026-08-31,720186.00,0.18,129633.00,720186.00,0.00,overdue,INR,tax invoice
AR-INV-2026-000516,INV-2026-000516,Trividata Warehousing Ltd,CUST-010,2026-07-17,2026-08-01,334475.00,0.18,60205.00,334475.00,0.00,overdue,INR,tax invoice
AR-INV-2026-000517,INV-2026-000517,Zenith One Electricals & Co,CUST-004,2026-07-17,2026-08-01,727466.00,0.18,130944.00,727466.00,0.00,overdue,INR,tax invoice
AR-INV-2026-000518,INV-2026-000518,Zenith One Electricals & Co,CUST-004,2026-07-17,2026-08-01,259946.00,0.18,46790.00,259946.00,0.00,overdue,INR,tax invoice
AR-INV-2026-000519,INV-2026-000519,Hiranyaka Hardware PVT LTD,CUST-002,2026-07-17,2026-08-01,61542.00,0.18,11078.00,61542.00,0.00,overdue,INR,tax invoice
AR-INV-2026-000520,INV-2026-000520,Anant Infra Solar EPC Ltd,CUST-008,2026-07-17,2026-09-15,618089.00,0.18,111256.00,618089.00,0.00,open,INR,tax invoice
AR-INV-2026-000521,INV-2026-000521,Tansh Machine Parts Ltd,CUST-003,2026-07-17,2026-08-17,151465.00,0.18,27264.00,151465.00,0.00,overdue,INR,tax invoice
AR-INV-2026-000522,INV-2026-000522,Tansh Machine Parts Ltd,CUST-003,2026-07-17,2026-08-17,468977.00,0.18,84416.00,468977.00,0.00,overdue,INR,tax invoice
AR-INV-2026-000523,INV-2026-000523,Everstone Logistics Ltd,CUST-006,2026-07-17,2026-08-17,188301.00,0.18,33894.00,188301.00,0.00,overdue,INR,tax invoice
AR-INV-2026-000528,INV-2026-000528,Hiranyaka Hardware PVT LTD,CUST-002,2026-07-18,2026-08-03,827244.00,0.18,148904.00,827244.00,0.00,overdue,INR,tax invoice
AR-INV-2026-000529,INV-2026-000529,Indusloom Roofing Products PVT LTD,CUST-011,2026-07-18,2026-08-17,269942.00,0.18,48590.00,269942.00,0.00,overdue,INR,tax invoice
AR-INV-2026-000530,INV-2026-000530,Indusloom Roofing Products PVT LTD,CUST-011,2026-07-19,2026-08-18,898042.00,0.18,161648.00,898042.00,0.00,overdue,INR,tax invoice
AR-INV-2026-000534,INV-2026-000534,Trividata Warehousing Ltd,CUST-010,2026-07-20,2026-08-04,205723.00,0.18,37030.00,205723.00,0.00,overdue,INR,tax invoice
AR-INV-2026-000535,INV-2026-000535,Indusloom Roofing Products PVT LTD,CUST-011,2026-07-20,2026-08-19,389390.00,0.18,70090.00,389390.00,0.00,overdue,INR,tax invoice
AR-INV-2026-000536,INV-2026-000536,Saptagiri Water Treatment LLP,CUST-009,2026-07-20,2026-08-04,1055780.00,0.18,190040.00,1055780.00,0.00,overdue,INR,tax invoice
AR-INV-2026-000537,INV-2026-000537,Indusloom Roofing Products PVT LTD,CUST-011,2026-07-20,2026-08-19,253283.00,0.18,45591.00,253283.00,0.00,overdue,INR,tax invoice
AR-INV-2026-000538,INV-2026-000538,Tansh Machine Parts Ltd,CUST-003,2026-07-20,2026-08-19,380220.00,0.18,68440.00,380220.00,0.00,overdue,INR,tax invoice
AR-INV-2026-000539,INV-2026-000539,Shree Balaji Recyclers Company,CUST-007,2026-07-20,2026-07-27,105641.00,0.18,19015.00,105641.00,0.00,overdue,INR,tax invoice
AR-INV-2026-000540,INV-2026-000540,Shree Balaji Recyclers Company,CUST-007,2026-07-20,2026-07-27,61278.00,0.18,11030.00,61278.00,0.00,overdue,INR,tax invoice
AR-INV-2026-000541,INV-2026-000541,Vaishnavi Textiles LLP,CUST-012,2026-07-20,2026-08-04,441245.00,0.18,79424.00,441245.00,0.00,overdue,INR,tax invoice
AR-INV-2026-000542,INV-2026-000542,Hiranyaka Hardware PVT LTD,CUST-002,2026-07-20,2026-08-04,61079.00,0.18,10994.00,61079.00,0.00,overdue,INR,tax invoice
AR-INV-2026-000547,INV-2026-000547,Anant Infra Catering Services Private Limited,CUST-014,2026-07-21,2026-09-04,141643.00,0.18,25496.00,141643.00,0.00,overdue,INR,tax invoice
AR-INV-2026-000548,INV-2026-000548,Zenith One Electricals & Co,CUST-004,2026-07-21,2026-08-05,666451.00,0.18,119961.00,666451.00,0.00,overdue,INR,tax invoice
AR-INV-2026-000549,INV-2026-000549,Lohiya Polymers Private Limited,CUST-001,2026-07-21,2026-09-04,880299.00,0.18,158454.00,880299.00,0.00,overdue,INR,tax invoice
AR-INV-2026-000550,INV-2026-000550,Karman Print Solutions Private Limited,CUST-013,2026-07-21,2026-09-04,932175.00,0.18,167791.00,932175.00,0.00,overdue,INR,tax invoice
AR-INV-2026-000551,INV-2026-000551,Everstone Logistics Ltd,CUST-006,2026-07-21,2026-08-20,362222.00,0.18,65200.00,362222.00,0.00,overdue,INR,tax invoice
AR-INV-2026-000552,INV-2026-000552,Hiranyaka Hardware PVT LTD,CUST-002,2026-07-21,2026-08-05,151229.00,0.18,27221.00,151229.00,0.00,overdue,INR,tax invoice
AR-INV-2026-000553,INV-2026-000553,Tansh Machine Parts Ltd,CUST-003,2026-07-21,2026-08-20,345077.00,0.18,62114.00,345077.00,0.00,overdue,INR,tax invoice
AR-INV-2026-000554,INV-2026-000554,Lohiya Polymers Private Limited,CUST-001,2026-07-21,2026-09-04,58295.00,0.18,10493.00,58295.00,0.00,overdue,INR,tax invoice short deduction
AR-INV-2026-000561,INV-2026-000561,Lohiya Polymers Private Limited,CUST-001,2026-07-22,2026-09-05,565202.00,0.18,101736.00,565202.00,0.00,open,INR,tax invoice
AR-INV-2026-000562,INV-2026-000562,Raman Deep Conveyances Private Limited,CUST-005,2026-07-22,2026-08-06,374734.00,0.18,67452.00,374734.00,0.00,overdue,INR,tax invoice
AR-INV-2026-000563,INV-2026-000563,Everstone Logistics Ltd,CUST-006,2026-07-22,2026-08-21,50516.00,0.18,9093.00,50516.00,0.00,overdue,INR,tax invoice
AR-INV-2026-000564,INV-2026-000564,Saptagiri Water Treatment LLP,CUST-009,2026-07-22,2026-08-06,1195070.00,0.18,215113.00,1195070.00,0.00,overdue,INR,tax invoice
AR-INV-2026-000565,INV-2026-000565,Shree Balaji Recyclers Company,CUST-007,2026-07-22,2026-07-29,135384.00,0.18,24369.00,135384.00,0.00,overdue,INR,tax invoice
AR-INV-2026-000566,INV-2026-000566,Zenith One Electricals & Co,CUST-004,2026-07-22,2026-08-06,169407.00,0.18,30493.00,169407.00,0.00,overdue,INR,tax invoice short deduction
AR-INV-2026-000570,INV-2026-000570,Raman Deep Conveyances Private Limited,CUST-005,2026-07-23,2026-08-07,1317862.00,0.18,237215.00,1317862.00,0.00,overdue,INR,tax invoice short deduction
AR-INV-2026-000571,INV-2026-000571,Trividata Warehousing Ltd,CUST-010,2026-07-23,2026-08-07,235675.00,0.18,42421.00,235675.00,0.00,overdue,INR,tax invoice
AR-INV-2026-000572,INV-2026-000572,Lohiya Polymers Private Limited,CUST-001,2026-07-23,2026-09-07,205899.00,0.18,37062.00,205899.00,0.00,open,INR,tax invoice
AR-INV-2026-000573,INV-2026-000573,Raman Deep Conveyances Private Limited,CUST-005,2026-07-23,2026-08-07,1309567.00,0.18,235722.00,1309567.00,0.00,overdue,INR,tax invoice
AR-INV-2026-000574,INV-2026-000574,Anant Infra Solar EPC Ltd,CUST-008,2026-07-23,2026-09-21,183661.00,0.18,33059.00,183661.00,0.00,open,INR,tax invoice
AR-INV-2026-000580,INV-2026-000580,Shree Balaji Recyclers Company,CUST-007,2026-07-24,2026-07-31,175032.00,0.18,31506.00,175032.00,0.00,overdue,INR,tax invoice
AR-INV-2026-000581,INV-2026-000581,Tansh Machine Parts Ltd,CUST-003,2026-07-24,2026-08-24,300432.00,0.18,54078.00,300432.00,0.00,overdue,INR,tax invoice
AR-INV-2026-000582,INV-2026-000582,Saptagiri Water Treatment LLP,CUST-009,2026-07-24,2026-08-08,513227.00,0.18,92381.00,513227.00,0.00,overdue,INR,tax invoice
AR-INV-2026-000583,INV-2026-000583,Zenith One Electricals & Co,CUST-004,2026-07-24,2026-08-08,559672.00,0.18,100741.00,559672.00,0.00,overdue,INR,tax invoice short deduction
AR-INV-2026-000587,INV-2026-000587,Anant Infra Solar EPC Ltd,CUST-008,2026-07-25,2026-09-23,577873.00,0.18,104017.00,577873.00,0.00,open,INR,tax invoice
AR-INV-2026-000592,INV-2026-000592,Zenith One Electricals & Co,CUST-004,2026-07-27,2026-08-11,292960.00,0.18,52733.00,292960.00,0.00,overdue,INR,tax invoice
AR-INV-2026-000593,INV-2026-000593,Saptagiri Water Treatment LLP,CUST-009,2026-07-27,2026-08-11,1883307.00,0.18,338995.00,1883307.00,0.00,overdue,INR,tax invoice short deduction
AR-INV-2026-000594,INV-2026-000594,Tansh Machine Parts Ltd,CUST-003,2026-07-27,2026-08-26,247963.00,0.18,44633.00,247963.00,0.00,overdue,INR,tax invoice
AR-INV-2026-000595,INV-2026-000595,Zenith One Electricals & Co,CUST-004,2026-07-27,2026-08-11,216407.00,0.18,38953.00,216407.00,0.00,overdue,INR,tax invoice
AR-INV-2026-000598,INV-2026-000598,Karman Print Solutions Private Limited,CUST-013,2026-07-28,2026-09-11,1023681.00,0.18,184263.00,1023681.00,0.00,open,INR,tax invoice
AR-INV-2026-000599,INV-2026-000599,Anant Infra Catering Services Private Limited,CUST-014,2026-07-28,2026-09-11,51200.00,0.18,9216.00,51200.00,0.00,open,INR,tax invoice short deduction
AR-INV-2026-000600,INV-2026-000600,Tansh Machine Parts Ltd,CUST-003,2026-07-28,2026-08-27,192095.00,0.18,34577.00,192095.00,0.00,overdue,INR,tax invoice
AR-INV-2026-000601,INV-2026-000601,Trividata Warehousing Ltd,CUST-010,2026-07-28,2026-08-12,419135.00,0.18,75444.00,419135.00,0.00,overdue,INR,tax invoice short deduction
AR-INV-2026-000602,INV-2026-000602,Anant Infra Catering Services Private Limited,CUST-014,2026-07-28,2026-09-11,230866.00,0.18,41556.00,230866.00,0.00,open,INR,tax invoice
AR-INV-2026-000603,INV-2026-000603,Lohiya Polymers Private Limited,CUST-001,2026-07-28,2026-09-11,65097.00,0.18,11717.00,65097.00,0.00,open,INR,tax invoice
AR-INV-2026-000604,INV-2026-000604,Anant Infra Catering Services Private Limited,CUST-014,2026-07-28,2026-09-11,202023.00,0.18,36364.00,202023.00,0.00,open,INR,tax invoice short deduction
AR-INV-2026-000608,INV-2026-000608,Saptagiri Water Treatment LLP,CUST-009,2026-07-29,2026-08-13,419806.00,0.18,75565.00,419806.00,0.00,overdue,INR,tax invoice
AR-INV-2026-000609,INV-2026-000609,Tansh Machine Parts Ltd,CUST-003,2026-07-29,2026-08-28,558807.00,0.18,100585.00,558807.00,0.00,overdue,INR,tax invoice short deduction
AR-INV-2026-000610,INV-2026-000610,Shree Balaji Recyclers Company,CUST-007,2026-07-29,2026-08-05,92108.00,0.18,16579.00,92108.00,0.00,overdue,INR,tax invoice
AR-INV-2026-000611,INV-2026-000611,Raman Deep Conveyances Private Limited,CUST-005,2026-07-29,2026-08-13,211625.00,0.18,38092.00,211625.00,0.00,overdue,INR,tax invoice
AR-INV-2026-000612,INV-2026-000612,Lohiya Polymers Private Limited,CUST-001,2026-07-29,2026-09-12,225018.00,0.18,40503.00,225018.00,0.00,open,INR,tax invoice
AR-INV-2026-000613,INV-2026-000613,Lohiya Polymers Private Limited,CUST-001,2026-07-29,2026-09-12,216794.00,0.18,39023.00,216794.00,0.00,open,INR,tax invoice
AR-INV-2026-000614,INV-2026-000614,Zenith One Electricals & Co,CUST-004,2026-07-29,2026-08-13,485697.00,0.18,87425.00,485697.00,0.00,overdue,INR,tax invoice
AR-INV-2026-000621,INV-2026-000621,Hiranyaka Hardware PVT LTD,CUST-002,2026-07-30,2026-08-14,501728.00,0.18,90311.00,501728.00,0.00,overdue,INR,tax invoice
AR-INV-2026-000622,INV-2026-000622,Saptagiri Water Treatment LLP,CUST-009,2026-07-30,2026-08-14,6000000.00,0.18,1080000.00,6000000.00,0.00,overdue,INR,tax invoice
AR-INV-2026-000623,INV-2026-000623,Karman Print Solutions Private Limited,CUST-013,2026-07-30,2026-09-14,1509368.00,0.18,271686.00,1509368.00,0.00,open,INR,tax invoice
AR-INV-2026-000624,INV-2026-000624,Everstone Logistics Ltd,CUST-006,2026-07-30,2026-08-29,222513.00,0.18,40052.00,222513.00,0.00,overdue,INR,tax invoice
AR-INV-2026-000625,INV-2026-000625,Everstone Logistics Ltd,CUST-006,2026-07-30,2026-08-29,215261.00,0.18,38747.00,215261.00,0.00,overdue,INR,tax invoice
AR-INV-2026-000630,INV-2026-000630,Anant Infra Catering Services Private Limited,CUST-014,2026-07-31,2026-09-14,122014.00,0.18,21963.00,122014.00,0.00,open,INR,tax invoice
AR-INV-2026-000631,INV-2026-000631,Saptagiri Water Treatment LLP,CUST-009,2026-07-31,2026-08-17,214268.00,0.18,38568.00,214268.00,0.00,overdue,INR,tax invoice
AR-INV-2026-000632,INV-2026-000632,Anant Infra Catering Services Private Limited,CUST-014,2026-07-31,2026-09-14,219969.00,0.18,39594.00,219969.00,0.00,open,INR,tax invoice
AR-INV-2026-000633,INV-2026-000633,Tansh Machine Parts Ltd,CUST-003,2026-07-31,2026-08-31,480222.00,0.18,86440.00,480222.00,0.00,overdue,INR,tax invoice
AR-INV-2026-000634,INV-2026-000634,Karman Print Solutions Private Limited,CUST-013,2026-07-31,2026-09-14,510701.00,0.18,91926.00,510701.00,0.00,open,INR,tax invoice
AR-INV-2026-000642,INV-2026-000642,Indusloom Roofing Products PVT LTD,CUST-011,2026-08-01,2026-08-31,337722.00,0.18,60790.00,337722.00,0.00,overdue,INR,tax invoice
AR-INV-2026-000643,INV-2026-000643,Trividata Warehousing Ltd,CUST-010,2026-08-01,2026-08-17,552602.00,0.18,99468.00,552602.00,0.00,overdue,INR,tax invoice
AR-INV-2026-000644,INV-2026-000644,Shree Balaji Recyclers Company,CUST-007,2026-08-01,2026-08-08,126208.00,0.18,22717.00,126208.00,0.00,overdue,INR,tax invoice
AR-INV-2026-000651,INV-2026-000651,Anant Infra Catering Services Private Limited,CUST-014,2026-08-03,2026-09-17,115581.00,0.18,20805.00,115581.00,0.00,open,INR,tax invoice
AR-INV-2026-000652,INV-2026-000652,Everstone Logistics Ltd,CUST-006,2026-08-03,2026-09-02,248725.00,0.18,44770.00,248725.00,0.00,overdue,INR,tax invoice
AR-INV-2026-000656,INV-2026-000656,Anant Infra Solar EPC Ltd,CUST-008,2026-08-04,2026-10-03,27655.00,0.18,4978.00,27655.00,0.00,open,INR,tax invoice
AR-INV-2026-000657,INV-2026-000657,Karman Print Solutions Private Limited,CUST-013,2026-08-04,2026-09-18,889518.00,0.18,160113.00,889518.00,0.00,open,INR,tax invoice
AR-INV-2026-000658,INV-2026-000658,Karman Print Solutions Private Limited,CUST-013,2026-08-04,2026-09-18,916067.00,0.18,164892.00,916067.00,0.00,open,INR,tax invoice
AR-INV-2026-000659,INV-2026-000659,Lohiya Polymers Private Limited,CUST-001,2026-08-04,2026-09-18,1639159.00,0.18,295049.00,1639159.00,0.00,open,INR,tax invoice
AR-INV-2026-000664,INV-2026-000664,Vaishnavi Textiles LLP,CUST-012,2026-08-05,2026-08-20,1117456.00,0.18,201142.00,1117456.00,0.00,overdue,INR,tax invoice
AR-INV-2026-000665,INV-2026-000665,Vaishnavi Textiles LLP,CUST-012,2026-08-05,2026-08-20,1346749.00,0.18,242415.00,1346749.00,0.00,overdue,INR,tax invoice
AR-INV-2026-000666,INV-2026-000666,Zenith One Electricals & Co,CUST-004,2026-08-05,2026-08-20,1366876.00,0.18,246038.00,1366876.00,0.00,overdue,INR,tax invoice
AR-INV-2026-000667,INV-2026-000667,Anant Infra Catering Services Private Limited,CUST-014,2026-08-05,2026-09-19,282513.00,0.18,50852.00,282513.00,0.00,open,INR,tax invoice
AR-INV-2026-000668,INV-2026-000668,Shree Balaji Recyclers Company,CUST-007,2026-08-05,2026-08-12,75333.00,0.18,13560.00,75333.00,0.00,overdue,INR,tax invoice
AR-INV-2026-000675,INV-2026-000675,Saptagiri Water Treatment LLP,CUST-009,2026-08-06,2026-08-21,4669550.00,0.18,840519.00,4669550.00,0.00,overdue,INR,tax invoice
AR-INV-2026-000676,INV-2026-000676,Vaishnavi Textiles LLP,CUST-012,2026-08-06,2026-08-21,644786.00,0.18,116061.00,644786.00,0.00,overdue,INR,tax invoice
AR-INV-2026-000677,INV-2026-000677,Zenith One Electricals & Co,CUST-004,2026-08-06,2026-08-21,557736.00,0.18,100392.00,557736.00,0.00,overdue,INR,tax invoice
AR-INV-2026-000678,INV-2026-000678,Zenith One Electricals & Co,CUST-004,2026-08-06,2026-08-21,629225.00,0.18,113260.00,629225.00,0.00,overdue,INR,tax invoice short deduction
AR-INV-2026-000679,INV-2026-000679,Karman Print Solutions Private Limited,CUST-013,2026-08-06,2026-09-21,3771812.00,0.18,678926.00,3771812.00,0.00,open,INR,tax invoice
AR-INV-2026-000684,INV-2026-000684,Vaishnavi Textiles LLP,CUST-012,2026-08-07,2026-08-22,646028.00,0.18,116285.00,646028.00,0.00,overdue,INR,tax invoice
AR-INV-2026-000685,INV-2026-000685,Lohiya Polymers Private Limited,CUST-001,2026-08-07,2026-09-21,464833.00,0.18,83670.00,464833.00,0.00,open,INR,tax invoice
AR-INV-2026-000686,INV-2026-000686,Raman Deep Conveyances Private Limited,CUST-005,2026-08-07,2026-08-22,6000000.00,0.18,1080000.00,6000000.00,0.00,overdue,INR,tax invoice
AR-INV-2026-000687,INV-2026-000687,Everstone Logistics Ltd,CUST-006,2026-08-07,2026-09-07,407265.00,0.18,73308.00,407265.00,0.00,open,INR,tax invoice
AR-INV-2026-000688,INV-2026-000688,Hiranyaka Hardware PVT LTD,CUST-002,2026-08-07,2026-08-22,101107.00,0.18,18199.00,101107.00,0.00,overdue,INR,tax invoice
AR-INV-2026-000689,INV-2026-000689,Karman Print Solutions Private Limited,CUST-013,2026-08-07,2026-09-21,2371169.00,0.18,426810.00,2371169.00,0.00,open,INR,tax invoice
AR-INV-2026-000695,INV-2026-000695,Lohiya Polymers Private Limited,CUST-001,2026-08-08,2026-09-22,708189.00,0.18,127474.00,708189.00,0.00,open,INR,tax invoice
AR-INV-2026-000701,INV-2026-000701,Shree Balaji Recyclers Company,CUST-007,2026-08-10,2026-08-17,98579.00,0.18,17744.00,98579.00,0.00,open,INR,tax invoice
AR-INV-2026-000702,INV-2026-000702,Zenith One Electricals & Co,CUST-004,2026-08-10,2026-08-25,193525.00,0.18,34834.00,193525.00,0.00,overdue,INR,tax invoice
AR-INV-2026-000703,INV-2026-000703,Vaishnavi Textiles LLP,CUST-012,2026-08-10,2026-08-25,553105.00,0.18,99559.00,553105.00,0.00,overdue,INR,tax invoice
AR-INV-2026-000704,INV-2026-000704,Tansh Machine Parts Ltd,CUST-003,2026-08-10,2026-09-09,192187.00,0.18,34594.00,192187.00,0.00,open,INR,tax invoice
AR-INV-2026-000705,INV-2026-000705,Lohiya Polymers Private Limited,CUST-001,2026-08-10,2026-09-24,339859.00,0.18,61175.00,339859.00,0.00,open,INR,tax invoice
AR-INV-2026-000706,INV-2026-000706,Zenith One Electricals & Co,CUST-004,2026-08-10,2026-08-25,341851.00,0.18,61533.00,341851.00,0.00,overdue,INR,tax invoice
AR-INV-2026-000707,INV-2026-000707,Anant Infra Catering Services Private Limited,CUST-014,2026-08-10,2026-09-24,110675.00,0.18,19921.00,110675.00,0.00,open,INR,tax invoice
AR-INV-2026-000708,INV-2026-000708,Shree Balaji Recyclers Company,CUST-007,2026-08-10,2026-08-17,186970.00,0.18,33655.00,186970.00,0.00,open,INR,tax invoice
AR-INV-2026-000714,INV-2026-000714,Tansh Machine Parts Ltd,CUST-003,2026-08-11,2026-09-10,254284.00,0.18,45771.00,254284.00,0.00,open,INR,tax invoice
AR-INV-2026-000715,INV-2026-000715,Raman Deep Conveyances Private Limited,CUST-005,2026-08-11,2026-08-26,331414.00,0.18,59655.00,331414.00,0.00,overdue,INR,tax invoice
AR-INV-2026-000716,INV-2026-000716,Trividata Warehousing Ltd,CUST-010,2026-08-11,2026-08-26,32149.00,0.18,5787.00,32149.00,0.00,overdue,INR,tax invoice
AR-INV-2026-000717,INV-2026-000717,Anant Infra Solar EPC Ltd,CUST-008,2026-08-11,2026-10-10,102147.00,0.18,18386.00,102147.00,0.00,open,INR,tax invoice
AR-INV-2026-000718,INV-2026-000718,Trividata Warehousing Ltd,CUST-010,2026-08-11,2026-08-26,248434.00,0.18,44718.00,248434.00,0.00,overdue,INR,tax invoice
AR-INV-2026-000720,INV-2026-000720,Trividata Warehousing Ltd,CUST-010,2026-08-12,2026-08-27,94792.00,0.18,17063.00,94792.00,0.00,overdue,INR,tax invoice
AR-INV-2026-000721,INV-2026-000721,Anant Infra Catering Services Private Limited,CUST-014,2026-08-12,2026-09-26,101938.00,0.18,18349.00,101938.00,0.00,open,INR,tax invoice
AR-INV-2026-000722,INV-2026-000722,Anant Infra Catering Services Private Limited,CUST-014,2026-08-12,2026-09-26,718296.00,0.18,129293.00,718296.00,0.00,open,INR,tax invoice
AR-INV-2026-000727,INV-2026-000727,Anant Infra Catering Services Private Limited,CUST-014,2026-08-13,2026-09-28,204003.00,0.18,36721.00,204003.00,0.00,open,INR,tax invoice
AR-INV-2026-000728,INV-2026-000728,Saptagiri Water Treatment LLP,CUST-009,2026-08-13,2026-08-28,855074.00,0.18,153913.00,855074.00,0.00,overdue,INR,tax invoice
AR-INV-2026-000729,INV-2026-000729,Saptagiri Water Treatment LLP,CUST-009,2026-08-13,2026-08-28,416007.00,0.18,74881.00,416007.00,0.00,overdue,INR,tax invoice
AR-INV-2026-000730,INV-2026-000730,Karman Print Solutions Private Limited,CUST-013,2026-08-13,2026-09-28,2053146.00,0.18,369566.00,2053146.00,0.00,open,INR,tax invoice
AR-INV-2026-000731,INV-2026-000731,Trividata Warehousing Ltd,CUST-010,2026-08-13,2026-08-28,322315.00,0.18,58017.00,322315.00,0.00,overdue,INR,tax invoice
AR-INV-2026-000732,INV-2026-000732,Trividata Warehousing Ltd,CUST-010,2026-08-13,2026-08-28,167682.00,0.18,30183.00,167682.00,0.00,overdue,INR,tax invoice
AR-INV-2026-000737,INV-2026-000737,Trividata Warehousing Ltd,CUST-010,2026-08-14,2026-08-29,145609.00,0.18,26210.00,145609.00,0.00,open,INR,tax invoice
AR-INV-2026-000738,INV-2026-000738,Anant Infra Catering Services Private Limited,CUST-014,2026-08-14,2026-09-28,302415.00,0.18,54435.00,302415.00,0.00,open,INR,tax invoice
AR-INV-2026-000739,INV-2026-000739,Anant Infra Solar EPC Ltd,CUST-008,2026-08-14,2026-10-13,479484.00,0.18,86307.00,479484.00,0.00,open,INR,tax invoice
AR-INV-2026-000740,INV-2026-000740,Shree Balaji Recyclers Company,CUST-007,2026-08-14,2026-08-21,201129.00,0.18,36203.00,201129.00,0.00,open,INR,tax invoice short deduction
AR-INV-2026-000745,INV-2026-000745,Saptagiri Water Treatment LLP,CUST-009,2026-08-15,2026-08-31,2485887.00,0.18,447460.00,2485887.00,0.00,overdue,INR,tax invoice short deduction
AR-INV-2026-000746,INV-2026-000746,Tansh Machine Parts Ltd,CUST-003,2026-08-15,2026-09-14,102864.00,0.18,18516.00,102864.00,0.00,open,INR,tax invoice
AR-INV-2026-000747,INV-2026-000747,Hiranyaka Hardware PVT LTD,CUST-002,2026-08-15,2026-08-31,210662.00,0.18,37919.00,210662.00,0.00,overdue,INR,tax invoice
AR-INV-2026-000748,INV-2026-000748,Trividata Warehousing Ltd,CUST-010,2026-08-15,2026-08-31,341218.00,0.18,61419.00,341218.00,0.00,open,INR,tax invoice
AR-INV-2026-000753,INV-2026-000753,Anant Infra Solar EPC Ltd,CUST-008,2026-08-17,2026-10-16,744502.00,0.18,134010.00,744502.00,0.00,open,INR,tax invoice
AR-INV-2026-000754,INV-2026-000754,Anant Infra Catering Services Private Limited,CUST-014,2026-08-17,2026-10-01,103481.00,0.18,18627.00,103481.00,0.00,open,INR,tax invoice
AR-INV-2026-000755,INV-2026-000755,Saptagiri Water Treatment LLP,CUST-009,2026-08-17,2026-09-01,324195.00,0.18,58355.00,324195.00,0.00,overdue,INR,tax invoice
AR-INV-2026-000756,INV-2026-000756,Saptagiri Water Treatment LLP,CUST-009,2026-08-17,2026-09-01,1277565.00,0.18,229962.00,1277565.00,0.00,overdue,INR,tax invoice
AR-INV-2026-000757,INV-2026-000757,Hiranyaka Hardware PVT LTD,CUST-002,2026-08-17,2026-09-01,191232.00,0.18,34422.00,191232.00,0.00,overdue,INR,tax invoice
AR-INV-2026-000762,INV-2026-000762,Indusloom Roofing Products PVT LTD,CUST-011,2026-08-18,2026-09-17,158284.00,0.18,28491.00,158284.00,0.00,open,INR,tax invoice
AR-INV-2026-000763,INV-2026-000763,Zenith One Electricals & Co,CUST-004,2026-08-18,2026-09-02,292134.00,0.18,52584.00,292134.00,0.00,overdue,INR,tax invoice
AR-INV-2026-000766,INV-2026-000766,Trividata Warehousing Ltd,CUST-010,2026-08-19,2026-09-03,118498.00,0.18,21330.00,118498.00,0.00,open,INR,tax invoice
AR-INV-2026-000767,INV-2026-000767,Indusloom Roofing Products PVT LTD,CUST-011,2026-08-19,2026-09-18,140612.00,0.18,25310.00,140612.00,0.00,open,INR,tax invoice
AR-INV-2026-000768,INV-2026-000768,Shree Balaji Recyclers Company,CUST-007,2026-08-19,2026-08-26,232143.00,0.18,41786.00,232143.00,0.00,overdue,INR,tax invoice short deduction
AR-INV-2026-000769,INV-2026-000769,Zenith One Electricals & Co,CUST-004,2026-08-19,2026-09-03,385129.00,0.18,69323.00,385129.00,0.00,overdue,INR,tax invoice
AR-INV-2026-000770,INV-2026-000770,Lohiya Polymers Private Limited,CUST-001,2026-08-19,2026-10-03,176210.00,0.18,31718.00,176210.00,0.00,open,INR,tax invoice
AR-INV-2026-000771,INV-2026-000771,Hiranyaka Hardware PVT LTD,CUST-002,2026-08-19,2026-09-03,222710.00,0.18,40088.00,222710.00,0.00,overdue,INR,tax invoice
AR-INV-2026-000772,INV-2026-000772,Anant Infra Catering Services Private Limited,CUST-014,2026-08-19,2026-10-03,158912.00,0.18,28604.00,158912.00,0.00,open,INR,tax invoice
AR-INV-2026-000773,INV-2026-000773,Indusloom Roofing Products PVT LTD,CUST-011,2026-08-19,2026-09-18,467133.00,0.18,84084.00,467133.00,0.00,open,INR,tax invoice
AR-INV-2026-000774,INV-2026-000774,Lohiya Polymers Private Limited,CUST-001,2026-08-19,2026-10-03,272616.00,0.18,49071.00,272616.00,0.00,open,INR,tax invoice
AR-INV-2026-000775,INV-2026-000775,Anant Infra Solar EPC Ltd,CUST-008,2026-08-19,2026-10-19,255849.00,0.18,46053.00,255849.00,0.00,open,INR,tax invoice
AR-INV-2026-000778,INV-2026-000778,Shree Balaji Recyclers Company,CUST-007,2026-08-20,2026-08-27,119077.00,0.18,21434.00,119077.00,0.00,overdue,INR,tax invoice
AR-INV-2026-000779,INV-2026-000779,Hiranyaka Hardware PVT LTD,CUST-002,2026-08-20,2026-09-04,96485.00,0.18,17367.00,96485.00,0.00,overdue,INR,tax invoice
AR-INV-2026-000780,INV-2026-000780,Anant Infra Solar EPC Ltd,CUST-008,2026-08-20,2026-10-19,330942.00,0.18,59570.00,330942.00,0.00,open,INR,tax invoice
AR-INV-2026-000781,INV-2026-000781,Hiranyaka Hardware PVT LTD,CUST-002,2026-08-20,2026-09-04,774358.00,0.18,139384.00,774358.00,0.00,overdue,INR,tax invoice
AR-INV-2026-000782,INV-2026-000782,Lohiya Polymers Private Limited,CUST-001,2026-08-20,2026-10-05,323483.00,0.18,58227.00,323483.00,0.00,open,INR,tax invoice
AR-INV-2026-000783,INV-2026-000783,Karman Print Solutions Private Limited,CUST-013,2026-08-20,2026-10-05,4385656.00,0.18,789418.00,4385656.00,0.00,open,INR,tax invoice
AR-INV-2026-000787,INV-2026-000787,Anant Infra Solar EPC Ltd,CUST-008,2026-08-21,2026-10-20,123198.00,0.18,22176.00,123198.00,0.00,open,INR,tax invoice
AR-INV-2026-000788,INV-2026-000788,Tansh Machine Parts Ltd,CUST-003,2026-08-21,2026-09-21,471154.00,0.18,84808.00,471154.00,0.00,open,INR,tax invoice
AR-INV-2026-000789,INV-2026-000789,Vaishnavi Textiles LLP,CUST-012,2026-08-21,2026-09-05,468878.00,0.18,84398.00,468878.00,0.00,open,INR,tax invoice
AR-INV-2026-000790,INV-2026-000790,Raman Deep Conveyances Private Limited,CUST-005,2026-08-21,2026-09-05,613417.00,0.18,110415.00,613417.00,0.00,open,INR,tax invoice
AR-INV-2026-000791,INV-2026-000791,Shree Balaji Recyclers Company,CUST-007,2026-08-21,2026-08-28,63971.00,0.18,11515.00,63971.00,0.00,overdue,INR,tax invoice
AR-INV-2026-000792,INV-2026-000792,Karman Print Solutions Private Limited,CUST-013,2026-08-21,2026-10-05,369648.00,0.18,66537.00,369648.00,0.00,open,INR,tax invoice
AR-INV-2026-000798,INV-2026-000798,Everstone Logistics Ltd,CUST-006,2026-08-22,2026-09-21,768486.00,0.18,138327.00,768486.00,0.00,open,INR,tax invoice
AR-INV-2026-000802,INV-2026-000802,Indusloom Roofing Products PVT LTD,CUST-011,2026-08-24,2026-09-23,592885.00,0.18,106719.00,592885.00,0.00,open,INR,tax invoice
AR-INV-2026-000803,INV-2026-000803,Everstone Logistics Ltd,CUST-006,2026-08-24,2026-09-23,142795.00,0.18,25703.00,142795.00,0.00,open,INR,tax invoice
AR-INV-2026-000804,INV-2026-000804,Raman Deep Conveyances Private Limited,CUST-005,2026-08-24,2026-09-08,300041.00,0.18,54007.00,300041.00,0.00,open,INR,tax invoice
AR-INV-2026-000805,INV-2026-000805,Saptagiri Water Treatment LLP,CUST-009,2026-08-24,2026-09-08,161214.00,0.18,29019.00,161214.00,0.00,open,INR,tax invoice
AR-INV-2026-000806,INV-2026-000806,Trividata Warehousing Ltd,CUST-010,2026-08-24,2026-09-08,274088.00,0.18,49336.00,274088.00,0.00,open,INR,tax invoice
AR-INV-2026-000807,INV-2026-000807,Anant Infra Solar EPC Ltd,CUST-008,2026-08-24,2026-10-23,1770662.00,0.18,318719.00,1770662.00,0.00,open,INR,tax invoice
AR-INV-2026-000811,INV-2026-000811,Saptagiri Water Treatment LLP,CUST-009,2026-08-25,2026-09-09,164316.00,0.18,29577.00,164316.00,0.00,open,INR,tax invoice
AR-INV-2026-000812,INV-2026-000812,Lohiya Polymers Private Limited,CUST-001,2026-08-25,2026-10-09,1051387.00,0.18,189250.00,1051387.00,0.00,open,INR,tax invoice
AR-INV-2026-000813,INV-2026-000813,Karman Print Solutions Private Limited,CUST-013,2026-08-25,2026-10-09,200705.00,0.18,36127.00,200705.00,0.00,open,INR,tax invoice
AR-INV-2026-000818,INV-2026-000818,Vaishnavi Textiles LLP,CUST-012,2026-08-26,2026-09-10,362371.00,0.18,65227.00,362371.00,0.00,open,INR,tax invoice
AR-INV-2026-000819,INV-2026-000819,Anant Infra Catering Services Private Limited,CUST-014,2026-08-26,2026-10-10,405306.00,0.18,72955.00,405306.00,0.00,open,INR,tax invoice
AR-INV-2026-000820,INV-2026-000820,Anant Infra Solar EPC Ltd,CUST-008,2026-08-26,2026-10-26,152132.00,0.18,27384.00,152132.00,0.00,open,INR,tax invoice
AR-INV-2026-000821,INV-2026-000821,Lohiya Polymers Private Limited,CUST-001,2026-08-26,2026-10-10,722222.00,0.18,130000.00,722222.00,0.00,open,INR,tax invoice
AR-INV-2026-000822,INV-2026-000822,Zenith One Electricals & Co,CUST-004,2026-08-26,2026-09-10,118584.00,0.18,21345.00,118584.00,0.00,open,INR,tax invoice
AR-INV-2026-000826,INV-2026-000826,Zenith One Electricals & Co,CUST-004,2026-08-27,2026-09-11,344180.00,0.18,61952.00,344180.00,0.00,open,INR,tax invoice
AR-INV-2026-000827,INV-2026-000827,Hiranyaka Hardware PVT LTD,CUST-002,2026-08-27,2026-09-11,180611.00,0.18,32510.00,180611.00,0.00,open,INR,tax invoice
AR-INV-2026-000828,INV-2026-000828,Zenith One Electricals & Co,CUST-004,2026-08-27,2026-09-11,410697.00,0.18,73925.00,410697.00,0.00,open,INR,tax invoice
AR-INV-2026-000829,INV-2026-000829,Shree Balaji Recyclers Company,CUST-007,2026-08-27,2026-09-03,181549.00,0.18,32679.00,181549.00,0.00,overdue,INR,tax invoice
AR-INV-2026-000835,INV-2026-000835,Everstone Logistics Ltd,CUST-006,2026-08-28,2026-09-28,388170.00,0.18,69871.00,388170.00,0.00,open,INR,tax invoice short deduction
AR-INV-2026-000836,INV-2026-000836,Indusloom Roofing Products PVT LTD,CUST-011,2026-08-28,2026-09-28,402283.00,0.18,72411.00,402283.00,0.00,open,INR,tax invoice
AR-INV-2026-000837,INV-2026-000837,Trividata Warehousing Ltd,CUST-010,2026-08-28,2026-09-12,383910.00,0.18,69104.00,383910.00,0.00,open,INR,tax invoice
AR-INV-2026-000838,INV-2026-000838,Vaishnavi Textiles LLP,CUST-012,2026-08-28,2026-09-12,1274809.00,0.18,229466.00,1274809.00,0.00,open,INR,tax invoice
AR-INV-2026-000843,INV-2026-000843,Shree Balaji Recyclers Company,CUST-007,2026-08-29,2026-09-05,201157.00,0.18,36208.00,201157.00,0.00,open,INR,tax invoice
AR-INV-2026-000844,INV-2026-000844,Shree Balaji Recyclers Company,CUST-007,2026-08-29,2026-09-05,245914.00,0.18,44265.00,245914.00,0.00,open,INR,tax invoice
AR-INV-2026-000849,INV-2026-000849,Hiranyaka Hardware PVT LTD,CUST-002,2026-08-31,2026-09-15,61946.00,0.18,11150.00,61946.00,0.00,open,INR,tax invoice
AR-INV-2026-000850,INV-2026-000850,Indusloom Roofing Products PVT LTD,CUST-011,2026-08-31,2026-09-30,621316.00,0.18,111837.00,621316.00,0.00,open,INR,tax invoice
AR-INV-2026-000851,INV-2026-000851,Raman Deep Conveyances Private Limited,CUST-005,2026-08-31,2026-09-15,623740.00,0.18,112273.00,623740.00,0.00,open,INR,tax invoice short deduction
AR-INV-2026-000852,INV-2026-000852,Tansh Machine Parts Ltd,CUST-003,2026-08-31,2026-09-30,109413.00,0.18,19694.00,109413.00,0.00,open,INR,tax invoice
AR-INV-2026-000860,INV-2026-000860,Trividata Warehousing Ltd,CUST-010,2026-09-01,2026-09-16,104834.00,0.18,18870.00,104834.00,0.00,open,INR,tax invoice
AR-INV-2026-000861,INV-2026-000861,Anant Infra Solar EPC Ltd,CUST-008,2026-09-01,2026-10-31,526073.00,0.18,94693.00,526073.00,0.00,open,INR,tax invoice
AR-INV-2026-000862,INV-2026-000862,Tansh Machine Parts Ltd,CUST-003,2026-09-01,2026-10-01,564355.00,0.18,101584.00,564355.00,0.00,open,INR,tax invoice
AR-INV-2026-000863,INV-2026-000863,Vaishnavi Textiles LLP,CUST-012,2026-09-01,2026-09-16,529473.00,0.18,95305.00,529473.00,0.00,open,INR,tax invoice
AR-INV-2026-000864,INV-2026-000864,Raman Deep Conveyances Private Limited,CUST-005,2026-09-01,2026-09-16,388487.00,0.18,69928.00,388487.00,0.00,open,INR,tax invoice
AR-INV-2026-000865,INV-2026-000865,Anant Infra Solar EPC Ltd,CUST-008,2026-09-01,2026-10-31,479499.00,0.18,86310.00,479499.00,0.00,open,INR,tax invoice
AR-INV-2026-000866,INV-2026-000866,Shree Balaji Recyclers Company,CUST-007,2026-09-01,2026-09-08,127839.00,0.18,23011.00,127839.00,0.00,open,INR,tax invoice
AR-INV-2026-000867,INV-2026-000867,Hiranyaka Hardware PVT LTD,CUST-002,2026-09-01,2026-09-16,416522.00,0.18,74974.00,416522.00,0.00,open,INR,tax invoice
AR-INV-2026-000868,INV-2026-000868,Zenith One Electricals & Co,CUST-004,2026-09-01,2026-09-16,194669.00,0.18,35040.00,194669.00,0.00,open,INR,tax invoice
AR-INV-2026-000874,INV-2026-000874,Saptagiri Water Treatment LLP,CUST-009,2026-09-02,2026-09-17,1691646.00,0.18,304496.00,1691646.00,0.00,open,INR,tax invoice
AR-INV-2026-000877,INV-2026-000877,Everstone Logistics Ltd,CUST-006,2026-09-03,2026-10-03,1161279.00,0.18,209030.00,1161279.00,0.00,open,INR,tax invoice
AR-INV-2026-000878,INV-2026-000878,Anant Infra Catering Services Private Limited,CUST-014,2026-09-03,2026-10-19,134076.00,0.18,24134.00,134076.00,0.00,open,INR,tax invoice
AR-INV-2026-000879,INV-2026-000879,Everstone Logistics Ltd,CUST-006,2026-09-03,2026-10-03,134524.00,0.18,24214.00,134524.00,0.00,open,INR,tax invoice
AR-INV-2026-000880,INV-2026-000880,Anant Infra Solar EPC Ltd,CUST-008,2026-09-03,2026-11-02,1229728.00,0.18,221351.00,1229728.00,0.00,open,INR,tax invoice
AR-INV-2026-000881,INV-2026-000881,Anant Infra Catering Services Private Limited,CUST-014,2026-09-03,2026-10-19,233684.00,0.18,42063.00,233684.00,0.00,open,INR,tax invoice
AR-INV-2026-000886,INV-2026-000886,Saptagiri Water Treatment LLP,CUST-009,2026-09-04,2026-09-19,832841.00,0.18,149911.00,832841.00,0.00,open,INR,tax invoice
AR-INV-2026-000887,INV-2026-000887,Indusloom Roofing Products PVT LTD,CUST-011,2026-09-04,2026-10-05,616779.00,0.18,111020.00,616779.00,0.00,open,INR,tax invoice
AR-INV-2026-000888,INV-2026-000888,Vaishnavi Textiles LLP,CUST-012,2026-09-04,2026-09-19,218264.00,0.18,39288.00,218264.00,0.00,open,INR,tax invoice
AR-INV-2026-000889,INV-2026-000889,Shree Balaji Recyclers Company,CUST-007,2026-09-04,2026-09-11,221099.00,0.18,39798.00,221099.00,0.00,open,INR,tax invoice
AR-INV-2026-000895,INV-2026-000895,Saptagiri Water Treatment LLP,CUST-009,2026-09-05,2026-09-21,99406.00,0.18,17893.00,99406.00,0.00,open,INR,tax invoice
AR-INV-2026-000896,INV-2026-000896,Tansh Machine Parts Ltd,CUST-003,2026-09-05,2026-10-05,497258.00,0.18,89506.00,497258.00,0.00,open,INR,tax invoice
AR-INV-2026-000897,INV-2026-000897,Vaishnavi Textiles LLP,CUST-012,2026-09-05,2026-09-21,875223.00,0.18,157540.00,875223.00,0.00,open,INR,tax invoice
