advice_id,invoice_no,payer_name,amount,notified_on,utr,narration_hint
ADV-000001,INV-2026-000002,RAMAN DEEP ,1273834.00,2026-05-16,900000005655,
ADV-000002,INV-2026-000003,INDUSLOOM RO ,362844.00,2026-06-05,,
ADV-000003,,RAMAN DEEP CONVEYANCES HUB,1071292.00,2026-06-10,,
ADV-000004,,ANANT INFRA SOLAR EPC LTD,381471.00,2026-07-10,,
ADV-000005,INV-2026-000018,LOHIYA POLYMERS P,142160.00,2026-06-22,900000006264,
ADV-000006,INV-2026-000024,VAISHNAVI TEXTILES LTD,594906.00,2026-06-02,900000006425,
ADV-000007,INV-2026-000025,HIRANYAKA HARDWARE PVT LTD,1191903.00,2026-06-01,900000006493,
ADV-000008,INV-2026-000026,INDUSLOOM ROOFING,803183.00,2026-06-01,,
ADV-000009,INV-2026-000027,INDUSLOOM ROOFING PRODUCTS & CO,154432.00,2026-06-14,,
ADV-000010,INV-2026-000036,ZENITH ONE ELECTRICALS & CO,328550.00,2026-05-25,,
ADV-000011,INV-2026-000039,LOHIYA POLYMERS PRIVATE LIMITED,158715.00,2026-06-22,,
ADV-000012,INV-2026-000044,SHREE BALAJI RE,159068.00,2026-05-19,900000007322,
ADV-000013,,VAISHNAVI TEXTILES & CO,1504132.00,2026-06-01,900000007414,
ADV-000014,INV-2026-000059,TRIVIDATA WAREHOUSING LTD,242684.00,2026-05-31,900000008170,
ADV-000015,INV-2026-000060,SAPTAGIRI WATER ,760358.00,2026-06-07,900000008199,
ADV-000016,INV-2026-000075,KARMAN PRINT SOLUTIONS COI,1076399.00,2026-06-29,,
ADV-000017,INV-2026-000082,HIRANYAKA HARDWARE PVT LTD,298642.00,2026-06-12,900000009326,
ADV-000018,,VAISHNAVI TEXTILES LLP,1367616.00,2026-06-13,900000009510,
ADV-000019,INV-2026-000096,ANANT INFRA CATERING SERVICES COMPANY,248440.00,2026-06-30,900000009740,
ADV-000020,,HIRANYAKA HKR ,229772.00,2026-06-27,,
ADV-000021,INV-2026-000099,ANANCAT SERVICES ,87955.00,2026-07-08,900000009793,
ADV-000022,INV-2026-000106,SHREE BALAJI RECYCLERS PRIVATE LIMITED,379005.00,2026-06-11,,
ADV-000023,INV-2026-000113,ZENITH ONE ELECTRICALS & CO,349008.00,2026-05-27,,
ADV-000024,,HIRANYAKA HARDWARE PUN,58348.00,2026-06-21,900000010555,
ADV-000025,INV-2026-000117,RAMAN DEEP CONVEYANCES HUB,3350391.00,2026-06-16,900000010678,
ADV-000026,,RAMACON CONVEYANCES,105154.00,2026-06-22,,
ADV-000027,INV-2026-000131,TANSH MACHINE PARTS PUN,685749.00,2026-06-20,900000011346,
ADV-000028,INV-2026-000133,ANANT INFRA SOLAR EPC LTD,688712.00,2026-08-07,900000011444,
ADV-000029,,KARMPRI SO ,502963.00,2026-07-11,900000011453,
ADV-000030,,RAMAN DEEP CONVEYANCES PRIVATE LIMITED,745456.00,2026-06-26,900000012114,
ADV-000031,,ANANT INFRA CATERING SERVICES RAJ,403760.00,2026-07-23,900000012139,
ADV-000032,INV-2026-000166,HIRANYAKA HARDWARE PVT LTD,245711.00,2026-06-21,900000012880,
ADV-000033,,RAMAN DEEP CONVEYANCES PRIVATE,642449.00,2026-07-04,900000013359,
ADV-000034,INV-2026-000177,ZENITH ONE ELECTRICALS,289474.00,2026-06-07,900000013438,
ADV-000035,INV-2026-000180,KARMAN PRINT SOLUTIONS PRIVATE LI,2004125.00,2026-07-22,900000013605,
ADV-000036,INV-2026-000192,INDUSLOOM ROOFING PKODUCTS PVT LTD,542094.00,2026-07-02,900000013986,
ADV-000037,INV-2026-000193,INDUSLGOM ROOFING PRODUCTS PVT LTD,729720.00,2026-07-06,,
ADV-000038,INV-2026-000196,TRIVIDATA WAREH ,388451.00,2026-06-24,900000014107,
ADV-000039,,ZENITH ONE ELECTRICALS PRIVATE LIMITED,373053.00,2026-06-29,,
ADV-000040,,ANANT INFRA CATERING SERVICES RAJ,255482.00,2026-07-23,900000014849,
ADV-000041,,TANSMAC PA,146013.00,2026-07-09,,
ADV-000042,INV-2026-000217,ZENITH ONE ELECTRICALS & CO,257203.00,2026-06-25,,
ADV-000043,INV-2026-000218,ANANT INFRA CATE,123980.00,2026-07-26,900000015129,
ADV-000044,,LOHIYA POLYMERS PR,390789.00,2026-07-21,900000015186,
ADV-000045,,ZENITH ONE ELECTR,384074.00,2026-07-06,900000015264,
ADV-000046,INV-2026-000221,HIRANYAKA HARDWARE PVT LTD,161889.00,2026-06-16,900000015320,
ADV-000047,INV-2026-000222,ANANT INFRA CATERING SERVICES PRIVATE LIMITED,87825.00,2026-07-25,,
ADV-000048,INV-2026-000223,ZENITH ONE ELECTRICALS LTD,243602.00,2026-06-21,900000015476,
ADV-000049,,LOHIYA POLYMERS PRIVATE LIMITED,132777.00,2026-07-25,,
ADV-000050,,EVERSTONE LOGISTICS RAJ,1660080.00,2026-07-12,900000015631,
ADV-000051,INV-2026-000230,HIRANYAKA HARDWARE PUN,122516.00,2026-07-05,900000015691,
ADV-000052,,ANANT INFRA SOLAR EPC LTD,49394.00,2026-08-15,,
ADV-000053,INV-2026-000234,ANANSOL MPC,222493.00,2026-08-15,,
ADV-000054,INV-2026-000241,RAMAN DEEP CMNVEYANCES PRIVATE LIMITED,1080182.00,2026-07-02,,
ADV-000055,,HIRAHAR HAR,137655.00,2026-06-29,900000016350,
ADV-000056,INV-2026-000265,LOHIPOL POLYMERS,281618.00,2026-07-30,,
ADV-000057,INV-2026-000268,ZENITH ONE ELECTRICALS & CO,393541.00,2026-07-06,,
ADV-000058,INV-2026-000269,RAMAN DEEP CONVEYANCES PVT LTD,312214.00,2026-07-09,900000017210,
ADV-000059,INV-2026-000271,ANANT INFRA SOLAR EP,1326454.00,2026-08-19,900000017233,
ADV-000060,INV-2026-000279,HIRANYAKA HARDWARE PUN,64262.00,2026-07-07,900000017609,
ADV-000061,INV-2026-000280,EVERLOG OOGISTICS,296005.00,2026-07-16,900000017681,
ADV-000062,,ANANT INFRA SOLAR EPC HUB,546453.00,2026-08-19,900000017759,
ADV-000063,,ANANT INFRA CATERING SERVICES PR,224392.00,2026-08-11,,
ADV-000064,INV-2026-000297,SAPTAGIRI WATER TREATMENT LLP,2465155.00,2026-07-15,900000018583,
ADV-000065,,LOHIYA POLYMERS PRIVATE ,353309.00,2026-08-01,900000018594,
ADV-000066,INV-2026-000299,SAPTAGIRI ,310384.00,2026-07-14,,
ADV-000067,,ANANT INFRA CATERING SERVICES PRIVATE LIMITED,168034.00,2026-08-10,,
ADV-000068,INV-2026-000302,INDUROO PRO ,760665.00,2026-07-26,,
ADV-000069,INV-2026-000303,SHREE BALAJI RE,250174.00,2026-07-13,900000018780,
ADV-000070,,SAPTAGIRI WATER TREATMENT & CO,1764730.00,2026-07-12,900000019203,
ADV-000071,INV-2026-000317,SAPTAGIRI WATER TREATMENT LLP,2167751.00,2026-07-12,,
ADV-000072,INV-2026-000325,TRIVIDATA WAREHOUSING LTD,242912.00,2026-07-13,900000019779,
ADV-000073,INV-2026-000335,ZENITH ONE ELECTRICALS JAI,401091.00,2026-06-26,,
ADV-000074,,INDUSLOOM ROOFING PRODUCTS PVT LTD,538281.00,2026-07-26,,
ADV-000075,INV-2026-000337,EVERLOG LOGISTICS,128543.00,2026-07-20,900000020212,
ADV-000076,,ZENITH ONE ELECTRICALS & CO,276442.00,2026-07-13,,
ADV-000077,INV-2026-000346,EVERSTONE LOGISTI,241032.00,2026-07-26,,
ADV-000078,INV-2026-000347,RAMAN DEEP CONVEYANCES,542720.00,2026-07-27,,
ADV-000079,,HIRANYAKA HARDWARE PUN,346214.00,2026-07-25,900000020827,
ADV-000080,INV-2026-000349,ZENITH ONE ELECTRICALS & CO,344952.00,2026-07-22,,
ADV-000081,INV-2026-000357,KARMAN PRINT SOLUTIONS COI,242566.00,2026-08-15,,
ADV-000082,INV-2026-000360,SAPTAGIRI WATER TREATMENT LTD,3498241.00,2026-07-18,,
ADV-000083,INV-2026-000376,KARFAN PRINT SOLUTIONS COI,275606.00,2026-08-11,900000021880,
ADV-000084,,LOHIYA POLY,300226.00,2026-08-14,900000021888,
ADV-000085,,ZENITH ONE ELECTRICALS & CO,360519.00,2026-07-05,,
ADV-000086,INV-2026-000379,VAISHNAVI ,2636351.00,2026-07-26,900000021972,
ADV-000087,INV-2026-000382,KARMAN PRI,816850.00,2026-08-09,900000022139,
ADV-000088,INV-2026-000400,ZENITH ONE ELECTRICALS & CO,354864.00,2026-07-09,,
ADV-000089,INV-2026-000413,RAMAN DEEP ,5642663.00,2026-07-11,,
ADV-000090,INV-2026-000419,TRIVIDATA WAREHOUSING LTD,138169.00,2026-07-21,,
ADV-000091,INV-2026-000421,EVERSTONE LOGISTICS LTD,426984.00,2026-07-27,,
ADV-000092,INV-2026-000423,ZENITH ONE ELECTRICALS JAI,572876.00,2026-07-24,900000023777,
ADV-000093,INV-2026-000429,ZENITH ONE ELECTRICALS JAI,278579.00,2026-07-24,,
ADV-000094,INV-2026-000433,ZENITH ONE ELECTRICALS LLP,141475.00,2026-07-22,900000024161,
ADV-000095,INV-2026-000437,SAPTAGIRI WATER TREATMENT LLP,6000000.00,2026-07-25,,
ADV-000096,INV-2026-000439,RAMAN DEEP CONVEYANCES PRIVATE LIMITED,2598813.00,2026-07-20,900000024443,
ADV-000097,,TRIVIDATA WAREHOUSING LTD,187374.00,2026-07-19,,
ADV-000098,,TANSH MACHBNE PARTS LTD,127665.00,2026-08-05,,
ADV-000099,,SHREE BALAJI RECYCLERS COMPANY,140842.00,2026-07-26,900000025171,
ADV-000100,INV-2026-000455,TRIVIDATA WAREHOUSING LTD,164110.00,2026-07-24,,
ADV-000101,INV-2026-000457,INDUSLOOM ROOFING PRODUCTS LLP,619995.00,2026-08-03,,
ADV-000102,INV-2026-000468,VAISHNAVI TEXTILES LLP,917553.00,2026-07-28,,
ADV-000103,,VAISHNAVI T,1228788.00,2026-07-28,,
ADV-000104,INV-2026-000494,ANANT INFRA CATERING SERVICES RAJ,200116.00,2026-08-29,,
ADV-000105,,INDUSLOOM ROOFING PRODUCTS PRIVATE LIMITED,441188.00,2026-08-13,,
ADV-000106,INV-2026-000501,SAPTAGIRI WATER TREATMENT LLP,218341.00,2026-08-06,900000027149,
ADV-000107,INV-2026-000502,ZENITH ONE ELECTRICALS JAI,498061.00,2026-07-24,900000027150,
ADV-000108,,ZENITH ONE ELECTRICALS & CO,727466.00,2026-07-28,900000027417,
ADV-000109,INV-2026-000513,HIRANYAKA HARDWARE PVT LTD,61542.00,2026-08-03,,
ADV-000110,,TRIVIDATA WAREHO ,196905.00,2026-08-03,900000027850,
ADV-000111,INV-2026-000530,SAPTAGIRI WATER TREATMEN,1055780.00,2026-08-16,900000027983,
ADV-000112,INV-2026-000531,INDUSLOOM XOOFING ,253283.00,2026-08-11,900000028032,
ADV-000113,,SHREE BALAJ,105641.00,2026-08-09,900000028125,
ADV-000114,INV-2026-000534,SHREE BALAJI RECYCLERS COMPANY,61278.00,2026-07-22,900000028211,
ADV-000115,,SAPTAGIRI WATER TREATMENT RAJ,1195070.00,2026-08-10,900000028725,
ADV-000116,,SHREE BALA,135384.00,2026-08-01,,
ADV-000117,INV-2026-000565,TRIVIDATA WAREHOUSING HUB,235675.00,2026-08-10,900000029106,
ADV-000118,INV-2026-000576,SAPTAGIRI WATER TREATMENT LLP,513227.00,2026-08-13,,
ADV-000119,INV-2026-000603,TANSH MACHINE PARTS LTD,558807.00,2026-08-24,900000030240,
ADV-000120,INV-2026-000605,RAMAN DEEP CONVEYANCES PRIVATE TIMITED,211625.00,2026-08-30,900000030305,
ADV-000121,INV-2026-000619,EVERSTONE LOGISTICS C,215261.00,2026-08-23,,
ADV-000122,INV-2026-000625,SAPTAGIRI WATKR TREAT,214268.00,2026-08-27,900000031084,
ADV-000123,INV-2026-000638,SHREE BALAJI RECYCLERS PVT LTD,126208.00,2026-08-15,900000031381,
ADV-000124,INV-2026-000658,VAISHNAVI TEXTILES JAI,1117456.00,2026-08-27,900000031662,
ADV-000125,INV-2026-000660,ZENITH ONE ELECTRICALS PRIVATE LIMITED,1366876.00,2026-08-28,900000031717,
ADV-000126,INV-2026-000662,SHREE BALAJI RECYCLER,75333.00,2026-08-19,900000031802,
ADV-000127,INV-2026-000669,SAPTAGIRI WATER TREATMENT LLP,4669550.00,2026-08-31,900000032103,
ADV-000128,INV-2026-000670,VAISHNAVI TE,644786.00,2026-08-29,900000032105,
ADV-000129,,ZENITH ONE ELECTRICALS & CO,557736.00,2026-08-18,900000032170,
ADV-000130,INV-2026-000672,ZENITH ONE,629225.00,2026-08-20,900000032263,
ADV-000131,INV-2026-000678,VAISTEX TEXTILES,646028.00,2026-08-30,900000032375,
ADV-000132,INV-2026-000696,ZENITH ONE ELECTRICALS & CO,193525.00,2026-08-28,900000032542,
ADV-000133,INV-2026-000697,VAISHNAVI TEXTILES LLP,553105.00,2026-08-29,900000032580,
ADV-000134,INV-2026-000702,SHREE BALAJI RECYCLERS COMPANY,186970.00,2026-08-31,,
ADV-000135,INV-2026-000714,TRIVWAR WAREHO,93951.00,2026-08-22,,
ADV-000136,INV-2026-000725,TRIVIDATA WAREHOUSI,322315.00,2026-09-01,900000032946,
ADV-000137,INV-2026-000757,ZENITHUONE E,292134.00,2026-08-23,,
ADV-000138,INV-2026-000763,ZENITH ONE ELECTRICALS & CO,385129.00,2026-08-30,900000033332,
ADV-000139,,ANANT INFRA CATERING SERVICES PRIVATE LIMITED,145196.00,2026-07-12,900000034071,
ADV-000140,INV-2026-000065,LOHIYA POLYMERS PRIVATE LIMITED,231972.00,2026-07-24,900000034132,
ADV-000141,INV-2026-000155,TRIVIDATA WAREHOUSING & CO,33878.00,2026-06-24,,
ADV-000142,INV-2026-000190,TRIVIDATA WAREHOUSING PRIVATE LIMITED,305194.00,2026-06-22,900000034170,
ADV-000143,,INDUSLOIM ROO,385974.00,2026-07-02,900000034198,
ADV-000144,,VAISHNAVI TEXTIL,455760.00,2026-07-12,900000034259,
ADV-000145,INV-2026-000209,SHREE BALAJI RECYCLERS,384703.00,2026-06-20,900000034340,
ADV-000146,,SHREE BALAJI RECYCLERS LLP,155539.00,2026-06-22,900000034340,
ADV-000147,INV-2026-000327,TANSH MACHI,410311.00,2026-08-01,900000034418,
ADV-000148,INV-2026-000465,HIRAWYAKA HARDWARE PVT LTD,502000.00,2026-08-08,,
ADV-000149,INV-2026-000467,HIRAHAR HAR,293700.00,2026-08-10,900000034540,
ADV-000150,INV-2026-000504,HIRANYAKA HARD,961959.00,2026-08-09,900000034540,
ADV-000151,INV-2026-000532,TANSH MACHI,380220.00,2026-08-17,900000034686,
ADV-000152,INV-2026-000547,TANSH MACHTNE PARTS LTD,345077.00,2026-08-17,,
ADV-000153,INV-2026-000522,HIRANYAKA HARDWARE PVT LTD,827244.00,2026-08-10,900000034768,
