ref_id,ref_type,code,severity,amount_paise,detail,candidates,suggested_action,engine,llm_category,llm_action,txn_date,narration,amount,triage_category,triage_owner,triage_action,triage_confidence,llm_status,question_to_ask,group_key
BL-000198,bank_line,DUPLICATE_BANK_LINE,high,-27933700,UTR 900000014981 and amount already posted on line BL-000197. Two ledger entries for one bank movement - confirm the statement itself is not duplicated before reposting.,BL-000197,verify_with_bank_then_de_dup,deterministic,,,2026-04-24,UPI/HDFC0001234/509827399437/merihar@okhdfcbank/MERIDIAN HARDWARE NOI,"-₹2,79,337.00",duplicate_bank_posting,Banking-ops,verify_with_bank_then_de_dup,0.00,not_attempted,,
BL-000208,bank_line,DUPLICATE_BANK_LINE,high,82986100,UTR 900000027311 and amount already posted on line BL-000207. Two ledger entries for one bank movement - confirm the statement itself is not duplicated before reposting.,BL-000207,verify_with_bank_then_de_dup,deterministic,,,2026-04-24,NEFT CR UTIB0002233 900000027311 FROM PUSHPA METALS AGRI INPUTS PVT LTD full and final INR,"₹8,29,861.00",duplicate_bank_posting,Banking-ops,verify_with_bank_then_de_dup,0.00,not_attempted,,
BL-000263,bank_line,DUPLICATE_BANK_LINE,high,-63555200,UTR 900000009337 and amount already posted on line BL-000262. Two ledger entries for one bank movement - confirm the statement itself is not duplicated before reposting.,BL-000262,verify_with_bank_then_de_dup,deterministic,,,2026-05-01,VB-2026-000013 NEFT DR KKBK0000812 900000009337 FROM ZENITH ONE TEXTILES NAG amc renewal I,"-₹6,35,552.00",duplicate_bank_posting,Banking-ops,verify_with_bank_then_de_dup,0.00,not_attempted,,
BL-000294,bank_line,DUPLICATE_BANK_LINE,high,40530400,UTR 900000029492 and amount already posted on line BL-000293. Two ledger entries for one bank movement - confirm the statement itself is not duplicated before reposting.,BL-000293,verify_with_bank_then_de_dup,deterministic,,,2026-05-04,CHQ CLG VEDIKA TEXTILES CIMPANY INV-2026-000465,"₹4,05,304.00",duplicate_bank_posting,Banking-ops,verify_with_bank_then_de_dup,0.00,not_attempted,,
BL-000300,bank_line,DUPLICATE_BANK_LINE,high,168554400,UTR 900000016537 and amount already posted on line BL-000299. Two ledger entries for one bank movement - confirm the statement itself is not duplicated before reposting.,BL-000299,verify_with_bank_then_de_dup,deterministic,,,2026-05-04,INV-2026-000175 NEFT CR HDFC0001234 900000016537 FROM COPPERLEAF ELECTRI amc renewal INR 1,"₹16,85,544.00",duplicate_bank_posting,Banking-ops,verify_with_bank_then_de_dup,0.00,not_attempted,,
BL-000399,bank_line,DUPLICATE_BANK_LINE,high,-25087300,UTR 900000018739 and amount already posted on line BL-000398. Two ledger entries for one bank movement - confirm the statement itself is not duplicated before reposting.,BL-000398,verify_with_bank_then_de_dup,deterministic,,,2026-05-14,UPI/HDFC0001234/241330007632/ashwmac@paytm/ASHWINI MACHINE PARTS LTD/VB-2026-000225,"-₹2,50,873.00",duplicate_bank_posting,Banking-ops,verify_with_bank_then_de_dup,0.00,not_attempted,,
BL-000462,bank_line,DUPLICATE_BANK_LINE,high,31030000,UTR 900000034455 and amount already posted on line BL-000461. Two ledger entries for one bank movement - confirm the statement itself is not duplicated before reposting.,BL-000461,verify_with_bank_then_de_dup,deterministic,,,2026-05-18,UPI/HDFC0001234/434309476899/INV-2026-000572/merilab@ybl/MEBIDIAN LAB SUPPLIES NAG,"₹3,10,300.00",duplicate_bank_posting,Banking-ops,verify_with_bank_then_de_dup,0.00,not_attempted,,
BL-000491,bank_line,DUPLICATE_BANK_LINE,high,-66461600,UTR 900000031025 and amount already posted on line BL-000490. Two ledger entries for one bank movement - confirm the statement itself is not duplicated before reposting.,BL-000490,verify_with_bank_then_de_dup,deterministic,,,2026-05-21,NEFT DR SBIN0000921 900000031025 FROM MERIDIAN POLYMERS LTD against inv INR 664616.00 VB-2,"-₹6,64,616.00",duplicate_bank_posting,Banking-ops,verify_with_bank_then_de_dup,0.00,not_attempted,,
BL-000565,bank_line,DUPLICATE_BANK_LINE,high,-24237200,UTR 900000025189 and amount already posted on line BL-000564. Two ledger entries for one bank movement - confirm the statement itself is not duplicated before reposting.,BL-000564,verify_with_bank_then_de_dup,deterministic,,,2026-05-27,UPI/HDFC0001234/759326157535/RT-2026-000371/bluecol@ybl/BLUEPEAK COLD C,"-₹2,42,372.00",duplicate_bank_posting,Banking-ops,verify_with_bank_then_de_dup,0.00,not_attempted,,
BL-000598,bank_line,DUPLICATE_BANK_LINE,high,-40930000,UTR 900000026361 and amount already posted on line BL-000597. Two ledger entries for one bank movement - confirm the statement itself is not duplicated before reposting.,BL-000597,verify_with_bank_then_de_dup,deterministic,,,2026-05-30,UPI/HDFC0001234/798872350912/eversta@okhdfcbank/EVERSTA STAFFING,"-₹4,09,300.00",duplicate_bank_posting,Banking-ops,verify_with_bank_then_de_dup,0.00,not_attempted,,
BL-000606,bank_line,DUPLICATE_BANK_LINE,high,99190900,UTR 900000032795 and amount already posted on line BL-000605. Two ledger entries for one bank movement - confirm the statement itself is not duplicated before reposting.,BL-000605,verify_with_bank_then_de_dup,deterministic,,,2026-05-30,UPI/HDFC0001234/793298696729/INV-2026-000540/ashwcol@paytm/ASHWINI COLD CHAIN LTD,"₹9,91,909.00",duplicate_bank_posting,Banking-ops,verify_with_bank_then_de_dup,0.00,not_attempted,,
BL-000685,bank_line,DUPLICATE_BANK_LINE,high,14530700,UTR 900000025735 and amount already posted on line BL-000684. Two ledger entries for one bank movement - confirm the statement itself is not duplicated before reposting.,BL-000684,verify_with_bank_then_de_dup,deterministic,,,2026-06-06,NEFT CR UTIB0002233 900000025735 FROM NALANDA FAB SERVICES LTD security deposit INR 145307,"₹1,45,307.00",duplicate_bank_posting,Banking-ops,verify_with_bank_then_de_dup,0.00,not_attempted,,
BL-000733,bank_line,DUPLICATE_BANK_LINE,high,-31130600,UTR 900000039195 and amount already posted on line BL-000732. Two ledger entries for one bank movement - confirm the statement itself is not duplicated before reposting.,BL-000732,verify_with_bank_then_de_dup,deterministic,,,2026-06-12,NEFT DR UTIB0002233 900000039195 FROM TRINETRA AGRI INPUTS COMPANY invoice settlement INR,"-₹3,11,306.00",duplicate_bank_posting,Banking-ops,verify_with_bank_then_de_dup,0.00,not_attempted,,
BL-000836,bank_line,DUPLICATE_BANK_LINE,high,-50832700,UTR 900000046113 and amount already posted on line BL-000835. Two ledger entries for one bank movement - confirm the statement itself is not duplicated before reposting.,BL-000835,verify_with_bank_then_de_dup,deterministic,,,2026-06-23,RTGS SBIN0000921 900000046113 VAISHNAVI PIPING SOLUTIONS LTD INR 508327.00 advance VB-2026,"-₹5,08,327.00",duplicate_bank_posting,Banking-ops,verify_with_bank_then_de_dup,0.00,not_attempted,,
BL-001011,bank_line,DUPLICATE_BANK_LINE,high,-24043000,UTR 900000040085 and amount already posted on line BL-001010. Two ledger entries for one bank movement - confirm the statement itself is not duplicated before reposting.,BL-001010,verify_with_bank_then_de_dup,deterministic,,,2026-07-09,NEFT DR ICIC0000429 900000040085 FROM GOLDCREST STEEL TRADERS COMPANY milestone 2 INR 2404,"-₹2,40,430.00",duplicate_bank_posting,Banking-ops,verify_with_bank_then_de_dup,0.00,not_attempted,,
BL-001018,bank_line,DUPLICATE_BANK_LINE,high,21259800,UTR 900000062352 and amount already posted on line BL-001017. Two ledger entries for one bank movement - confirm the statement itself is not duplicated before reposting.,BL-001017,verify_with_bank_then_de_dup,deterministic,,,2026-07-09,NEFT CR KKBK0000812 900000062352 FROM PUSHAGR INPUTS  milestone 2 INR 212598.00 INV-2026-0,"₹2,12,598.00",duplicate_bank_posting,Banking-ops,verify_with_bank_then_de_dup,0.00,not_attempted,,
BL-001049,bank_line,DUPLICATE_BANK_LINE,high,-26582900,UTR 900000051493 and amount already posted on line BL-001048. Two ledger entries for one bank movement - confirm the statement itself is not duplicated before reposting.,BL-001048,verify_with_bank_then_de_dup,deterministic,,,2026-07-13,UPI/HDFC0001234/910157703935/VB-2026-000975/pragcon@okaxis/PRAGATI CONVEYANCES,"-₹2,65,829.00",duplicate_bank_posting,Banking-ops,verify_with_bank_then_de_dup,0.00,not_attempted,,
BL-001110,bank_line,DUPLICATE_BANK_LINE,high,45474700,UTR 900000066258 and amount already posted on line BL-001109. Two ledger entries for one bank movement - confirm the statement itself is not duplicated before reposting.,BL-001109,verify_with_bank_then_de_dup,deterministic,,,2026-07-17,UPI/HDFC0001234/206650164830/nalarec@ybl/NALANDA RE/INV-2026-001299,"₹4,54,747.00",duplicate_bank_posting,Banking-ops,verify_with_bank_then_de_dup,0.00,not_attempted,,
BL-001122,bank_line,DUPLICATE_BANK_LINE,high,45598900,UTR 900000063623 and amount already posted on line BL-001121. Two ledger entries for one bank movement - confirm the statement itself is not duplicated before reposting.,BL-001121,verify_with_bank_then_de_dup,deterministic,,,2026-07-18,CHQ CLG VEDIKA TEXTILES COMPANY INV-2026-001241,"₹4,55,989.00",duplicate_bank_posting,Banking-ops,verify_with_bank_then_de_dup,0.00,not_attempted,,
BL-001133,bank_line,DUPLICATE_BANK_LINE,high,-39030400,UTR 900000051699 and amount already posted on line BL-001132. Two ledger entries for one bank movement - confirm the statement itself is not duplicated before reposting.,BL-001132,verify_with_bank_then_de_dup,deterministic,,,2026-07-20,NEFT DR KKBK0000812 900000051699 FROM KARMAN PRINT  milestone 2 INR 390304.00,"-₹3,90,304.00",duplicate_bank_posting,Banking-ops,verify_with_bank_then_de_dup,0.00,not_attempted,,
BL-001164,bank_line,DUPLICATE_BANK_LINE,high,111475600,UTR 900000070512 and amount already posted on line BL-001163. Two ledger entries for one bank movement - confirm the statement itself is not duplicated before reposting.,BL-001163,verify_with_bank_then_de_dup,deterministic,,,2026-07-21,RTGS SBIN0000921 900000070512 SAPTAGIRI ANALYTICS KOC INR 1114756.00 freight charges,"₹11,14,756.00",duplicate_bank_posting,Banking-ops,verify_with_bank_then_de_dup,0.00,not_attempted,,
BL-001211,bank_line,DUPLICATE_BANK_LINE,high,-80126600,UTR 900000062670 and amount already posted on line BL-001210. Two ledger entries for one bank movement - confirm the statement itself is not duplicated before reposting.,BL-001210,verify_with_bank_then_de_dup,deterministic,,,2026-07-27,CHQ CLG ANANT INFRA ELECTRICALS PVT LTD,"-₹8,01,266.00",duplicate_bank_posting,Banking-ops,verify_with_bank_then_de_dup,0.00,not_attempted,,
BL-001234,bank_line,DUPLICATE_BANK_LINE,high,-57248800,UTR 900000053030 and amount already posted on line BL-001233. Two ledger entries for one bank movement - confirm the statement itself is not duplicated before reposting.,BL-001233,verify_with_bank_then_de_dup,deterministic,,,2026-07-28,NEFT DR HDFC0001234 900000053030 FROM SHREE BALAJI ANALYTICS PRI milestone 2 INR 572488.00,"-₹5,72,488.00",duplicate_bank_posting,Banking-ops,verify_with_bank_then_de_dup,0.00,not_attempted,,
BL-001257,bank_line,DUPLICATE_BANK_LINE,high,28349400,UTR 900000054084 and amount already posted on line BL-001256. Two ledger entries for one bank movement - confirm the statement itself is not duplicated before reposting.,BL-001256,verify_with_bank_then_de_dup,deterministic,,,2026-07-29,CHQ CLG TRINETRA PIPING SOLUTIONS LLP,"₹2,83,494.00",duplicate_bank_posting,Banking-ops,verify_with_bank_then_de_dup,0.00,not_attempted,,
BL-001386,bank_line,DUPLICATE_BANK_LINE,high,-11508700,UTR 900000053966 and amount already posted on line BL-001385. Two ledger entries for one bank movement - confirm the statement itself is not duplicated before reposting.,BL-001385,verify_with_bank_then_de_dup,deterministic,,,2026-08-10,UPI/HDFC0001234/322791747016/karmcat@okhdfcbank/KARMAN CATERING SERVICES FAR,"-₹1,15,087.00",duplicate_bank_posting,Banking-ops,verify_with_bank_then_de_dup,0.00,not_attempted,,
BL-001396,bank_line,DUPLICATE_BANK_LINE,high,29222300,UTR 900000074496 and amount already posted on line BL-001395. Two ledger entries for one bank movement - confirm the statement itself is not duplicated before reposting.,BL-001395,verify_with_bank_then_de_dup,deterministic,,,2026-08-10,NEFT CR KKBK0000812 900000074496 FROM PUSHPA MET material supply INR 292223.00 INV-2026-00,"₹2,92,223.00",duplicate_bank_posting,Banking-ops,verify_with_bank_then_de_dup,0.00,not_attempted,,
BL-001464,bank_line,DUPLICATE_BANK_LINE,high,43952100,UTR 900000060984 and amount already posted on line BL-001463. Two ledger entries for one bank movement - confirm the statement itself is not duplicated before reposting.,BL-001463,verify_with_bank_then_de_dup,deterministic,,,2026-08-17,NEFT CR SBIN0000921 900000060984 FROM ANANT INFRA STAFFING advance INR 439521.00 INV-2026-,"₹4,39,521.00",duplicate_bank_posting,Banking-ops,verify_with_bank_then_de_dup,0.00,not_attempted,,
BL-001620,bank_line,DUPLICATE_BANK_LINE,high,-95877600,UTR 900000077016 and amount already posted on line BL-001619. Two ledger entries for one bank movement - confirm the statement itself is not duplicated before reposting.,BL-001619,verify_with_bank_then_de_dup,deterministic,,,2026-08-31,VB-2026-001655 NEFT DR KKBK0000812 900000077016 FROM EVERSTONE RECYCLERS & CO security dep,"-₹9,58,776.00",duplicate_bank_posting,Banking-ops,verify_with_bank_then_de_dup,0.00,not_attempted,,
BL-001645,bank_line,DUPLICATE_BANK_LINE,high,-34338200,UTR 900000077774 and amount already posted on line BL-001644. Two ledger entries for one bank movement - confirm the statement itself is not duplicated before reposting.,BL-001644,verify_with_bank_then_de_dup,deterministic,,,2026-09-01,CHQ CLG ANANT INFRA ELECTRICALS LTD,"-₹3,43,382.00",duplicate_bank_posting,Banking-ops,verify_with_bank_then_de_dup,0.00,not_attempted,,
BL-001666,bank_line,DUPLICATE_BANK_LINE,high,128371800,UTR 900000064277 and amount already posted on line BL-001665. Two ledger entries for one bank movement - confirm the statement itself is not duplicated before reposting.,BL-001665,verify_with_bank_then_de_dup,deterministic,,,2026-09-02,UPI/HDFC0001234/628698421261/INV-2026-001256/everwat@okhdfcbank/EVERSTONE WATER TREATMENT,"₹12,83,718.00",duplicate_bank_posting,Banking-ops,verify_with_bank_then_de_dup,0.00,not_attempted,,
BL-001685,bank_line,DUPLICATE_BANK_LINE,high,268030100,UTR 900000063430 and amount already posted on line BL-001684. Two ledger entries for one bank movement - confirm the statement itself is not duplicated before reposting.,BL-001684,verify_with_bank_then_de_dup,deterministic,,,2026-09-03,INV-2026-001237 NEFT CR SBIN0000921 900000063430 FROM GOLDSEC SYSTEMS  milestone 2 INR 268,"₹26,80,301.00",duplicate_bank_posting,Banking-ops,verify_with_bank_then_de_dup,0.00,not_attempted,,
BL-000882,bank_line,RESIDUAL_UNALLOCATED,medium,85909500,"₹8,59,095.00 of this line is still unallocated after posting AR-INV-2026-000982 (18 open documents could absorb it).",INV-2026-000186/Orbitex Dairy Foods PVT LTD;INV-2026-000253/Orbitex Dairy Foods PVT LTD;INV-2026-000286/Orbitex Dairy Foods PVT LTD;INV-2026-000304/Orbitex Dairy Foods PVT LTD;INV-2026-000335/Orbitex Dairy Foods PVT LTD;INV-2026-000482/Orbitex Dairy Foods PVT LTD,ask_customer_for_invoice_breakup,deterministic,,,2026-06-27,"UPI/HDFC0001234/463703849643/orbidai@okaxis/ORBITEX DAIRY FOODS PVT LTD/INV-2026-000970,IN","₹8,59,095.00",unknown,Banking-ops,investigate_manually,0.00,not_attempted,,
BL-001259,bank_line,RESIDUAL_UNALLOCATED,medium,28317600,"₹2,83,176.00 of this line is still unallocated after posting AR-INV-2026-001107 (17 open documents could absorb it).",INV-2026-000422/Anant Infra Conveyances PVT LTD;INV-2026-000428/Anant Infra Conveyances PVT LTD;INV-2026-000464/Anant Infra Conveyances PVT LTD;INV-2026-000468/Anant Infra Conveyances PVT LTD;INV-2026-000662/Anant Infra Conveyances PVT LTD;INV-2026-000704/Anant Infra Conveyances PVT LTD,ask_customer_for_invoice_breakup,deterministic,,,2026-07-29,"UPI/HDFC0001234/400052953471/anancon@paytm/ANANT INFRA CONVEYANCES JAI/INV-2026-001078,INV","₹2,83,176.00",unknown,Banking-ops,investigate_manually,0.00,not_attempted,,
BL-000074,bank_line,SHORT_DEDUCTION,medium,-905900,"Payment of -59195700 settles AP-RT-2026-000097 but is off by -905900 paise, beyond the 295978 paise tolerance. Needs a credit note / write-off, not a silent match.",AP-RT-2026-000097,raise_credit_note_or_writeoff,deterministic,,,2026-04-07,RT-2026-000097 CHQ CLG ANANELE ELE  RT-2026-000097,"-₹9,059.00",partial_or_short_payment,Banking-ops,raise_credit_note_or_writeoff,0.00,not_attempted,,
BL-000099,bank_line,SHORT_DEDUCTION,medium,-2031100,"Payment of 41905800 settles AR-INV-2026-000248 but is off by -2031100 paise, beyond the 209529 paise tolerance. Needs a credit note / write-off, not a silent match.",AR-INV-2026-000248,raise_credit_note_or_writeoff,deterministic,,,2026-04-10,INV-2026-000248 RTGS KKBK0000812 900000019755 SAPTAGIRI ANALYTICS LTD INR 419058.00 invoic,"-₹20,311.00",partial_or_short_payment,Banking-ops,raise_credit_note_or_writeoff,0.00,not_attempted,,
BL-000134,bank_line,SHORT_DEDUCTION,medium,-1608300,"Payment of -41841300 settles AP-RT-2026-000068 but is off by -1608300 paise, beyond the 209206 paise tolerance. Needs a credit note / write-off, not a silent match.",AP-RT-2026-000068,raise_credit_note_or_writeoff,deterministic,,,2026-04-17,UPI/HDFC0001234/267551933154/RT-2026-000068/pragcon@okhdfcbank/PRAGATI CONVEYANCES,"-₹16,083.00",partial_or_short_payment,Banking-ops,raise_credit_note_or_writeoff,0.00,not_attempted,,
BL-000194,bank_line,SHORT_DEDUCTION,medium,-2749500,"Payment of -69835100 settles AP-RT-2026-000096 but is off by -2749500 paise, beyond the 349175 paise tolerance. Needs a credit note / write-off, not a silent match.",AP-RT-2026-000096,raise_credit_note_or_writeoff,deterministic,,,2026-04-24,RT-2026-000096 NEFT DR KKBK0000812 900000012780 FROM NORTHLINE ROOFING PRODUCTS PVT LTD pa,"-₹27,495.00",partial_or_short_payment,Banking-ops,raise_credit_note_or_writeoff,0.00,not_attempted,,
BL-000337,bank_line,SHORT_DEDUCTION,medium,-447100,"Payment of 13794200 settles AR-INV-2026-000596 but is off by -447100 paise, beyond the 68971 paise tolerance. Needs a credit note / write-off, not a silent match.",AR-INV-2026-000596,raise_credit_note_or_writeoff,deterministic,,,2026-05-08,INV-2026-000596 RTGS HDFC0001234 900000035608 SAPTAGIRI ANALYTIVS LTD INR 137942.00 freigh,"-₹4,471.00",partial_or_short_payment,Banking-ops,raise_credit_note_or_writeoff,0.00,not_attempted,,
BL-000381,bank_line,SHORT_DEDUCTION,medium,-1659500,"Payment of -35107300 settles AP-RT-2026-000116 but is off by -1659500 paise, beyond the 175536 paise tolerance. Needs a credit note / write-off, not a silent match.",AP-RT-2026-000116,raise_credit_note_or_writeoff,deterministic,,,2026-05-13,UPI/HDFC0001234/883279785878/RT-2026-000116/eversta@okhdfcbank/EVERSTONE STAFFING & CO,"-₹16,595.00",partial_or_short_payment,Banking-ops,raise_credit_note_or_writeoff,0.00,not_attempted,,
BL-000459,bank_line,SHORT_DEDUCTION,medium,-557800,"Payment of 25949200 settles AR-INV-2026-000624 but is off by -557800 paise, beyond the 129746 paise tolerance. Needs a credit note / write-off, not a silent match.",AR-INV-2026-000624,raise_credit_note_or_writeoff,deterministic,,,2026-05-18,UPI/HDFC0001234/928723237136/nalarec@paytm/NALANNA RECYCLERS P/INV-2026-000624,"-₹5,578.00",partial_or_short_payment,Banking-ops,raise_credit_note_or_writeoff,0.00,not_attempted,,
BL-000488,bank_line,SHORT_DEDUCTION,medium,-2517300,"Payment of 39851900 settles AR-INV-2026-000349 but is off by -2517300 paise, beyond the 199259 paise tolerance. Needs a credit note / write-off, not a silent match.",AR-INV-2026-000349,raise_credit_note_or_writeoff,deterministic,,,2026-05-20,INV-2026-000349 NEFT CR HDFC0001234 900000024079 FROM ORBIPAC PACKAGING advance INR 398519,"-₹25,173.00",partial_or_short_payment,Banking-ops,raise_credit_note_or_writeoff,0.00,not_attempted,,
BL-000492,bank_line,SHORT_DEDUCTION,medium,-2434000,"Payment of -64816300 settles AP-RT-2026-000294 but is off by -2434000 paise, beyond the 324081 paise tolerance. Needs a credit note / write-off, not a silent match.",AP-RT-2026-000294,raise_credit_note_or_writeoff,deterministic,,,2026-05-21,RT-2026-000294 NEFT DR HDFC0001234 900000021584 FROM PRAGATI FA amc renewal INR 648163.00,"-₹24,340.00",partial_or_short_payment,Banking-ops,raise_credit_note_or_writeoff,0.00,not_attempted,,
BL-000629,bank_line,SHORT_DEDUCTION,medium,-1006400,"Payment of 40139700 settles AR-INV-2026-000214 but is off by -1006400 paise, beyond the 200698 paise tolerance. Needs a credit note / write-off, not a silent match.",AR-INV-2026-000214,raise_credit_note_or_writeoff,deterministic,,,2026-06-01,INV-2026-000214 NEFT CR KKBK0000812 900000018364 FROM GOLDCREST SECURITY SYSTEMS & CO invo,"-₹10,064.00",partial_or_short_payment,Banking-ops,raise_credit_note_or_writeoff,0.00,not_attempted,,
BL-000721,bank_line,SHORT_DEDUCTION,medium,-367500,"Payment of 50154400 settles AR-INV-2026-000490 but is off by -367500 paise, beyond the 250772 paise tolerance. Needs a credit note / write-off, not a silent match.",AR-INV-2026-000490,raise_credit_note_or_writeoff,deterministic,,,2026-06-10,INV-2026-000490 NEFT CR ICIC0000429 900000030636 FROM ANANT INFRA STAFFING HUB invoice set,"-₹3,675.00",partial_or_short_payment,Banking-ops,raise_credit_note_or_writeoff,0.00,not_attempted,,
BL-000752,bank_line,SHORT_DEDUCTION,medium,-1305000,"Payment of -22497800 settles AP-VB-2026-000904 but is off by -1305000 paise, beyond the 112489 paise tolerance. Needs a credit note / write-off, not a silent match.",AP-VB-2026-000904,raise_credit_note_or_writeoff,deterministic,,,2026-06-15,VB-2026-000904 CHQ CLG ANANT INFRA EL VB-2026-000904,"-₹13,050.00",partial_or_short_payment,Banking-ops,raise_credit_note_or_writeoff,0.00,not_attempted,,
BL-000793,bank_line,SHORT_DEDUCTION,medium,-1108100,"Payment of 147072000 settles AR-INV-2026-000688 but is off by -1108100 paise, beyond the 500000 paise tolerance. Needs a credit note / write-off, not a silent match.",AR-INV-2026-000688,raise_credit_note_or_writeoff,deterministic,,,2026-06-18,INV-2026-000688 NEFT CR SBIN0000921 900000039373 FROM SAHYADRI POLYMERS freight charges IN,"-₹11,081.00",partial_or_short_payment,Banking-ops,raise_credit_note_or_writeoff,0.00,not_attempted,,
BL-000798,bank_line,SHORT_DEDUCTION,medium,-1471700,"Payment of -25806500 settles AP-VB-2026-000801 but is off by -1471700 paise, beyond the 129032 paise tolerance. Needs a credit note / write-off, not a silent match.",AP-VB-2026-000801,raise_credit_note_or_writeoff,deterministic,,,2026-06-19,VB-2026-000801 NEFT DR HDFC0001234 900000043786 FROM PRAGATI FAB SERVICES NOI security dep,"-₹14,717.00",partial_or_short_payment,Banking-ops,raise_credit_note_or_writeoff,0.00,not_attempted,,
BL-000825,bank_line,SHORT_DEDUCTION,medium,-1082300,"Payment of 38456600 settles AR-INV-2026-001088 but is off by -1082300 paise, beyond the 192283 paise tolerance. Needs a credit note / write-off, not a silent match.",AR-INV-2026-001088,raise_credit_note_or_writeoff,deterministic,,,2026-06-22,INV-2026-001088 NEFT CR HDFC0001234 900000056242 FROM ORBITEX PAPER MILLS PVT LTD full and,"-₹10,823.00",partial_or_short_payment,Banking-ops,raise_credit_note_or_writeoff,0.00,not_attempted,,
BL-000826,bank_line,SHORT_DEDUCTION,medium,-1014400,"Payment of 43194300 settles AR-INV-2026-000744 but is off by -1014400 paise, beyond the 215971 paise tolerance. Needs a credit note / write-off, not a silent match.",AR-INV-2026-000744,raise_credit_note_or_writeoff,deterministic,,,2026-06-22,INV-2026-000744 NEFT CR HDFC0001234 900000041412 FROM COPPERLEAF ELECTRICALS LTD against i,"-₹10,144.00",partial_or_short_payment,Banking-ops,raise_credit_note_or_writeoff,0.00,not_attempted,,
BL-000843,bank_line,SHORT_DEDUCTION,medium,-1930600,"Payment of 52451600 settles AR-INV-2026-000934 but is off by -1930600 paise, beyond the 262258 paise tolerance. Needs a credit note / write-off, not a silent match.",AR-INV-2026-000934,raise_credit_note_or_writeoff,deterministic,,,2026-06-23,INV-2026-000934 CHQ CLG VEDIKA TEXTILES PRIVATE LIMITED INV-2026-000934,"-₹19,306.00",partial_or_short_payment,Banking-ops,raise_credit_note_or_writeoff,0.00,not_attempted,,
BL-000862,bank_line,SHORT_DEDUCTION,medium,-352700,"Payment of -5660600 settles AP-RT-2026-000853 but is off by -352700 paise, beyond the 28303 paise tolerance. Needs a credit note / write-off, not a silent match.",AP-RT-2026-000853,raise_credit_note_or_writeoff,deterministic,,,2026-06-25,RT-2026-000853 NEFT DR UTIB0002233 900000045674 FROM MERIDIAN POLYM milestone 2 INR 56606.,"-₹3,527.00",partial_or_short_payment,Banking-ops,raise_credit_note_or_writeoff,0.00,not_attempted,,
BL-000895,bank_line,SHORT_DEDUCTION,medium,-756400,"Payment of -23401500 settles AP-VB-2026-000635 but is off by -756400 paise, beyond the 117007 paise tolerance. Needs a credit note / write-off, not a silent match.",AP-VB-2026-000635,raise_credit_note_or_writeoff,deterministic,,,2026-06-29,NEFT DR SBIN0000921 900000037186 FROM PRAGATI FAB advance INR 234015.00 VB-2026-000635,"-₹7,564.00",partial_or_short_payment,Banking-ops,raise_credit_note_or_writeoff,0.00,not_attempted,,
BL-001012,bank_line,SHORT_DEDUCTION,medium,-722200,"Payment of -15652100 settles AP-VB-2026-001009 but is off by -722200 paise, beyond the 78260 paise tolerance. Needs a credit note / write-off, not a silent match.",AP-VB-2026-001009,raise_credit_note_or_writeoff,deterministic,,,2026-07-09,VB-2026-001009 CHQ CLG ORBITEX WAREHOUSING PVT LTD VB-2026-001009,"-₹7,222.00",partial_or_short_payment,Banking-ops,raise_credit_note_or_writeoff,0.00,not_attempted,,
BL-001026,bank_line,SHORT_DEDUCTION,medium,-732300,"Payment of 34291300 settles AR-INV-2026-001002 but is off by -732300 paise, beyond the 171456 paise tolerance. Needs a credit note / write-off, not a silent match.",AR-INV-2026-001002,raise_credit_note_or_writeoff,deterministic,,,2026-07-10,UPI/HDFC0001234/475518988949/INV-2026-001002/ashwcol@okaxis/ASHWINI COLD CHAIN LTD,"-₹7,323.00",partial_or_short_payment,Banking-ops,raise_credit_note_or_writeoff,0.00,not_attempted,,
BL-001041,bank_line,SHORT_DEDUCTION,medium,-4680900,"Payment of -77879300 settles AP-VB-2026-001029 but is off by -4680900 paise, beyond the 389396 paise tolerance. Needs a credit note / write-off, not a silent match.",AP-VB-2026-001029,raise_credit_note_or_writeoff,deterministic,,,2026-07-13,RTGS SBIN0000921 900000053914 VAISHNAVI PIPING INR 778793.00 against inv VB-2026-001029,"-₹46,809.00",partial_or_short_payment,Banking-ops,raise_credit_note_or_writeoff,0.00,not_attempted,,
BL-001120,bank_line,SHORT_DEDUCTION,medium,-880800,"Payment of 34039800 settles AR-INV-2026-001075 but is off by -880800 paise, beyond the 170199 paise tolerance. Needs a credit note / write-off, not a silent match.",AR-INV-2026-001075,raise_credit_note_or_writeoff,deterministic,,,2026-07-18,UPI/HDFC0001234/194734820565/INV-2026-001075/anancon@okhdfcbank/ANANT INFRA CONVEYAN,"-₹8,808.00",partial_or_short_payment,Banking-ops,raise_credit_note_or_writeoff,0.00,not_attempted,,
BL-001143,bank_line,SHORT_DEDUCTION,medium,-370600,"Payment of 17302500 settles AR-INV-2026-001054 but is off by -370600 paise, beyond the 86512 paise tolerance. Needs a credit note / write-off, not a silent match.",AR-INV-2026-001054,raise_credit_note_or_writeoff,deterministic,,,2026-07-20,INV-2026-001054 NEFT CR KKBK0000812 900000054898 FROM SURYAVANSH PETRO CHEMICALS LLP freig,"-₹3,706.00",partial_or_short_payment,Banking-ops,raise_credit_note_or_writeoff,0.00,not_attempted,,
BL-001182,bank_line,SHORT_DEDUCTION,medium,-1043900,"Payment of -20482200 settles AP-VB-2026-001056 but is off by -1043900 paise, beyond the 102411 paise tolerance. Needs a credit note / write-off, not a silent match.",AP-VB-2026-001056,raise_credit_note_or_writeoff,deterministic,,,2026-07-23,UPI/HDFC0001234/831750735311/VB-2026-001056/eversta@okaxis/EVERSTONE STAFFING JAI,"-₹10,439.00",partial_or_short_payment,Banking-ops,raise_credit_note_or_writeoff,0.00,not_attempted,,
BL-001209,bank_line,SHORT_DEDUCTION,medium,-3103800,"Payment of -91531200 settles AP-VB-2026-001171 but is off by -3103800 paise, beyond the 457656 paise tolerance. Needs a credit note / write-off, not a silent match.",AP-VB-2026-001171,raise_credit_note_or_writeoff,deterministic,,,2026-07-27,VB-2026-001171 NEFT DR HDFC0001234 900000060730 FROM MERIDIAN POAYMERS LTD milestone 2 INR,"-₹31,038.00",partial_or_short_payment,Banking-ops,raise_credit_note_or_writeoff,0.00,not_attempted,,
BL-001232,bank_line,SHORT_DEDUCTION,medium,-2522700,"Payment of -63306800 settles AP-RT-2026-001304 but is off by -2522700 paise, beyond the 316534 paise tolerance. Needs a credit note / write-off, not a silent match.",AP-RT-2026-001304,raise_credit_note_or_writeoff,deterministic,,,2026-07-28,RT-2026-001304 RTGS UTIB0002233 900000066571 VAISHNAVI PIPING SOLUTIONS LTD INR 633068.00,"-₹25,227.00",partial_or_short_payment,Banking-ops,raise_credit_note_or_writeoff,0.00,not_attempted,,
BL-001255,bank_line,SHORT_DEDUCTION,medium,-664400,"Payment of 26409500 settles AR-INV-2026-001376 but is off by -664400 paise, beyond the 132047 paise tolerance. Needs a credit note / write-off, not a silent match.",AR-INV-2026-001376,raise_credit_note_or_writeoff,deterministic,,,2026-07-29,CHQ CLG VEDIKA TEXTILES CO INV-2026-001376,"-₹6,644.00",partial_or_short_payment,Banking-ops,raise_credit_note_or_writeoff,0.00,not_attempted,,
BL-001279,bank_line,SHORT_DEDUCTION,medium,-106400,"Payment of 6370600 settles AR-INV-2026-001459 but is off by -106400 paise, beyond the 31853 paise tolerance. Needs a credit note / write-off, not a silent match.",AR-INV-2026-001459,raise_credit_note_or_writeoff,deterministic,,,2026-07-31,INV-2026-001459 NEFT CR ICIC0000429 900000072031 FROM PUSHPA METALS AGRI INPUTS & CO secur,"-₹1,064.00",partial_or_short_payment,Banking-ops,raise_credit_note_or_writeoff,0.00,not_attempted,,
BL-001280,bank_line,SHORT_DEDUCTION,medium,-345400,"Payment of 9804600 settles AR-INV-2026-001192 but is off by -345400 paise, beyond the 49023 paise tolerance. Needs a credit note / write-off, not a silent match.",AR-INV-2026-001192,raise_credit_note_or_writeoff,deterministic,,,2026-07-31,UPI/HDFC0001234/873016771348/anancon@okhdfcbank/ANANCON CONVEYANCES /INV-2026-001192,"-₹3,454.00",partial_or_short_payment,Banking-ops,raise_credit_note_or_writeoff,0.00,not_attempted,,
BL-001292,bank_line,SHORT_DEDUCTION,medium,-2377800,"Payment of -43173600 settles AP-VB-2026-001486 but is off by -2377800 paise, beyond the 215868 paise tolerance. Needs a credit note / write-off, not a silent match.",AP-VB-2026-001486,raise_credit_note_or_writeoff,deterministic,,,2026-08-01,VB-2026-001486 CHQ CLG ANANT INFRA ELECTRICALS LTD VB-2026-001486,"-₹23,778.00",partial_or_short_payment,Banking-ops,raise_credit_note_or_writeoff,0.00,not_attempted,,
BL-001293,bank_line,SHORT_DEDUCTION,medium,-1992800,"Payment of -40722700 settles AP-RT-2026-001266 but is off by -1992800 paise, beyond the 203613 paise tolerance. Needs a credit note / write-off, not a silent match.",AP-RT-2026-001266,raise_credit_note_or_writeoff,deterministic,,,2026-08-01,UPI/HDFC0001234/650276542968/merihar@okaxis/MERIDIAN HARDWARE NOI/RT-2026-001266,"-₹19,928.00",partial_or_short_payment,Banking-ops,raise_credit_note_or_writeoff,0.00,not_attempted,,
BL-001316,bank_line,SHORT_DEDUCTION,medium,-594400,"Payment of 13763300 settles AR-INV-2026-001523 but is off by -594400 paise, beyond the 68816 paise tolerance. Needs a credit note / write-off, not a silent match.",AR-INV-2026-001523,raise_credit_note_or_writeoff,deterministic,,,2026-08-03,INV-2026-001523 NEFT CR ICIC0000429 900000073861 FROM GOLDCREST WAREHOUSING PRIVATE LIMITE,"-₹5,944.00",partial_or_short_payment,Banking-ops,raise_credit_note_or_writeoff,0.00,not_attempted,,
BL-001339,bank_line,SHORT_DEDUCTION,medium,-1726100,"Payment of 72096100 settles AR-INV-2026-001444 but is off by -1726100 paise, beyond the 360480 paise tolerance. Needs a credit note / write-off, not a silent match.",AR-INV-2026-001444,raise_credit_note_or_writeoff,deterministic,,,2026-08-05,CHQ CLG VEDIKA TEXTILES PRI INV-2026-001444,"-₹17,261.00",partial_or_short_payment,Banking-ops,raise_credit_note_or_writeoff,0.00,not_attempted,,
BL-001352,bank_line,SHORT_DEDUCTION,medium,-4237200,"Payment of -86833600 settles AP-RT-2026-000952 but is off by -4237200 paise, beyond the 434168 paise tolerance. Needs a credit note / write-off, not a silent match.",AP-RT-2026-000952,raise_credit_note_or_writeoff,deterministic,,,2026-08-07,RT-2026-000952 NEFT DR UTIB0002233 900000050400 FROM GOLDCREST STEEL TRADERS NAG material,"-₹42,372.00",partial_or_short_payment,Banking-ops,raise_credit_note_or_writeoff,0.00,not_attempted,,
BL-001353,bank_line,SHORT_DEDUCTION,medium,-3112800,"Payment of -83046400 settles AP-RT-2026-000930 but is off by -3112800 paise, beyond the 415232 paise tolerance. Needs a credit note / write-off, not a silent match.",AP-RT-2026-000930,raise_credit_note_or_writeoff,deterministic,,,2026-08-07,RT-2026-000930 NEFT DR SBIN0000921 900000049252 FROM TRINETRA SOLAR E amc renewal INR 8304,"-₹31,128.00",partial_or_short_payment,Banking-ops,raise_credit_note_or_writeoff,0.00,not_attempted,,
BL-001421,bank_line,SHORT_DEDUCTION,medium,-141900,"Payment of -27389000 settles AP-RT-2026-001187 but is off by -141900 paise, beyond the 136945 paise tolerance. Needs a credit note / write-off, not a silent match.",AP-RT-2026-001187,raise_credit_note_or_writeoff,deterministic,,,2026-08-13,RT-2026-001187 NEFT DR ICIC0000429 900000061397 FROM KARMPCI SOLUTIONS  freight charges IN,"-₹1,419.00",partial_or_short_payment,Banking-ops,raise_credit_note_or_writeoff,0.00,not_attempted,,
BL-001452,bank_line,SHORT_DEDUCTION,medium,-288500,"Payment of -10613700 settles AP-RT-2026-001236 but is off by -288500 paise, beyond the 53068 paise tolerance. Needs a credit note / write-off, not a silent match.",AP-RT-2026-001236,raise_credit_note_or_writeoff,deterministic,,,2026-08-17,RT-2026-001236 NEFT DR UTIB0002233 900000063366 FROM KARMAN PRINT SOLUTTONS LTD invoice se,"-₹2,885.00",partial_or_short_payment,Banking-ops,raise_credit_note_or_writeoff,0.00,not_attempted,,
BL-001489,bank_line,SHORT_DEDUCTION,medium,-266300,"Payment of -16628100 settles AP-RT-2026-001091 but is off by -266300 paise, beyond the 83140 paise tolerance. Needs a credit note / write-off, not a silent match.",AP-RT-2026-001091,raise_credit_note_or_writeoff,deterministic,,,2026-08-19,RT-2026-001091 NEFT DR ICIC0000429 900000056375 FROM TRINETRA SOLAR EPC LLP amc renewal IN,"-₹2,663.00",partial_or_short_payment,Banking-ops,raise_credit_note_or_writeoff,0.00,not_attempted,,
BL-001495,bank_line,SHORT_DEDUCTION,medium,-1098400,"Payment of -46705800 settles AP-VB-2026-001568 but is off by -1098400 paise, beyond the 233529 paise tolerance. Needs a credit note / write-off, not a silent match.",AP-VB-2026-001568,raise_credit_note_or_writeoff,deterministic,,,2026-08-20,VB-2026-001568 CHQ CLG ANANT INFRA ELECT VB-2026-001568,"-₹10,984.00",partial_or_short_payment,Banking-ops,raise_credit_note_or_writeoff,0.00,not_attempted,,
BL-001525,bank_line,SHORT_DEDUCTION,medium,-213900,"Payment of -20497800 settles AP-VB-2026-001664 but is off by -213900 paise, beyond the 102489 paise tolerance. Needs a credit note / write-off, not a silent match.",AP-VB-2026-001664,raise_credit_note_or_writeoff,deterministic,,,2026-08-22,VB-2026-001664 RTGS UTIB0002233 900000077217 SUNDARA WATER TR INR 204978.00 advance,"-₹2,139.00",partial_or_short_payment,Banking-ops,raise_credit_note_or_writeoff,0.00,not_attempted,,
BL-001565,bank_line,SHORT_DEDUCTION,medium,-15829800,"Payment of 342050700 settles AR-INV-2026-001755 but is off by -15829800 paise, beyond the 500000 paise tolerance. Needs a credit note / write-off, not a silent match.",AR-INV-2026-001755,raise_credit_note_or_writeoff,deterministic,,,2026-08-24,INV-2026-001755 NEFT CR UTIB0002233 900000078390 FROM ORBITEX PAPER MILLS  freight charges,"-₹1,58,298.00",partial_or_short_payment,Banking-ops,raise_credit_note_or_writeoff,0.00,not_attempted,,
BL-001593,bank_line,SHORT_DEDUCTION,medium,-1893800,"Payment of 83771100 settles AR-INV-2026-001678 but is off by -1893800 paise, beyond the 418855 paise tolerance. Needs a credit note / write-off, not a silent match.",AR-INV-2026-001678,raise_credit_note_or_writeoff,deterministic,,,2026-08-27,UPI/HDFC0001234/595486257700/merilab@ybl/MERIDIAN LABVS /INV-2026-001678,"-₹18,938.00",partial_or_short_payment,Banking-ops,raise_credit_note_or_writeoff,0.00,not_attempted,,
BL-001601,bank_line,SHORT_DEDUCTION,medium,-381100,"Payment of 8107000 settles AR-INV-2026-001348 but is off by -381100 paise, beyond the 40535 paise tolerance. Needs a credit note / write-off, not a silent match.",AR-INV-2026-001348,raise_credit_note_or_writeoff,deterministic,,,2026-08-28,INV-2026-001348 NEFT CR SBIN0000921 900000068525 FROM ANANT INFRA STAFFING HUB advance INR,"-₹3,811.00",partial_or_short_payment,Banking-ops,raise_credit_note_or_writeoff,0.00,not_attempted,,
BL-001610,bank_line,SHORT_DEDUCTION,medium,-976100,"Payment of -26685200 settles AP-VB-2026-001285 but is off by -976100 paise, beyond the 133426 paise tolerance. Needs a credit note / write-off, not a silent match.",AP-VB-2026-001285,raise_credit_note_or_writeoff,deterministic,,,2026-08-29,UPI/HDFC0001234/891168816002/VB-2026-001285/eversta@ybl/EVERSTONE STAFFING PRIVATE LIMITED,"-₹9,761.00",partial_or_short_payment,Banking-ops,raise_credit_note_or_writeoff,0.00,not_attempted,,
BL-000037,bank_line,UNALLOCATED_CREDIT,high,94120600,narration='NEFT CR HDFC0001234 900000017066 FROM GOLDCREST WAREHOUSING PRIVATE LIMITED full and final' channel=NEFT utr=900000017066,,contact_customer_for_remap_advice,deterministic,,,2026-03-30,NEFT CR HDFC0001234 900000017066 FROM GOLDCREST WAREHOUSING PRIVATE LIMITED full and final,"₹9,41,206.00",customer_overpayment,Banking-ops,contact_customer_for_remap_advice,0.00,not_attempted,,
BL-000107,bank_line,UNALLOCATED_CREDIT,high,83565500,narration='NEFT CR SBIN0000921 900000023042 FROM ORBITEX PAPER MILLS PVT LTD advance INR 835655.00' channel=NEFT utr=900000023042,,contact_customer_for_remap_advice,deterministic,,,2026-04-11,NEFT CR SBIN0000921 900000023042 FROM ORBITEX PAPER MILLS PVT LTD advance INR 835655.00,"₹8,35,655.00",customer_overpayment,Banking-ops,contact_customer_for_remap_advice,0.00,not_attempted,,
BL-000207,bank_line,UNALLOCATED_CREDIT,high,82986100,narration='NEFT CR UTIB0002233 900000027311 FROM PUSHPA METALS AGRI INPUTS PVT LTD full and final INR' channel=NEFT utr=900000027311,,contact_customer_for_remap_advice,deterministic,,,2026-04-24,NEFT CR UTIB0002233 900000027311 FROM PUSHPA METALS AGRI INPUTS PVT LTD full and final INR,"₹8,29,861.00",customer_overpayment,Banking-ops,contact_customer_for_remap_advice,0.00,not_attempted,,
BL-000303,bank_line,UNMATCHED_DEBIT,high,-63920500,narration='UPI/HDFC0001234/636249098836/pragcon@paytm/PRAGATI CONV' channel=UPI utr=900000020527,,confirm_payee_with_ap_team_before_reposting,deterministic,,,2026-05-05,UPI/HDFC0001234/636249098836/pragcon@paytm/PRAGATI CONV,"-₹6,39,205.00",vendor_overpayment,Banking-ops,confirm_payee_with_ap_team_before_reposting,0.00,not_attempted,,
BL-000393,bank_line,UNALLOCATED_CREDIT,high,51729800,narration='RTGS SBIN0000921 900000018990 SHREE BALAJI HARDIARE INR 517298.00 part payment INV-2026-00' channel=RTGS utr=900000018990,,contact_customer_for_remap_advice,deterministic,,,2026-05-13,RTGS SBIN0000921 900000018990 SHREE BALAJI HARDIARE INR 517298.00 part payment INV-2026-00,"₹5,17,298.00",customer_overpayment,Banking-ops,contact_customer_for_remap_advice,0.00,not_attempted,,
BL-000400,bank_line,UNMATCHED_DEBIT,high,-14943100,narration='UPI/HDFC0001234/773443858908/eversta@paytm/EVERSTONE STAFFING & CO' channel=UPI utr=900000017526,,confirm_payee_with_ap_team_before_reposting,deterministic,,,2026-05-14,UPI/HDFC0001234/773443858908/eversta@paytm/EVERSTONE STAFFING & CO,"-₹1,49,431.00",vendor_overpayment,Banking-ops,confirm_payee_with_ap_team_before_reposting,0.00,not_attempted,,
BL-000545,bank_line,UNALLOCATED_CREDIT,high,41374200,narration='UPI/HDFC0001234/604675279208/anancon@paytm/ANANT INFRA CONVEYANCES COMPANY' channel=UPI utr=900000032231,,contact_customer_for_remap_advice,deterministic,,,2026-05-25,UPI/HDFC0001234/604675279208/anancon@paytm/ANANT INFRA CONVEYANCES COMPANY,"₹4,13,742.00",customer_overpayment,Banking-ops,contact_customer_for_remap_advice,0.00,not_attempted,,
BL-000593,bank_line,BANK_CHARGE_NO_DOCUMENT,low,51805700,narration='NEFT CR ICIC0000429 900000039840 FROM ASHWINI INTERIORS LTD amc renewal INR 518057.00 INV-' channel=NEFT utr=900000039840,,post_to_bank_charges_gl,deterministic,,,2026-05-29,NEFT CR ICIC0000429 900000039840 FROM ASHWINI INTERIORS LTD amc renewal INR 518057.00 INV-,"₹5,18,057.00",bank_charge,Banking-ops,post_to_bank_charges_gl,0.00,not_attempted,,
BL-000712,bank_line,UNMATCHED_DEBIT,high,-57479800,narration='UPI/HDFC0001234/820212317556/eversta@okhdfcbank/EVERSTONE STAFFING & CO' channel=UPI utr=900000040150,,confirm_payee_with_ap_team_before_reposting,deterministic,,,2026-06-10,UPI/HDFC0001234/820212317556/eversta@okhdfcbank/EVERSTONE STAFFING & CO,"-₹5,74,798.00",vendor_overpayment,Banking-ops,confirm_payee_with_ap_team_before_reposting,0.00,not_attempted,,
BL-000743,bank_line,UNMATCHED_DEBIT,high,-23524400,narration='UPI/HDFC0001234/442030737713/bluecol@okaxis/BLUECOL CH' channel=UPI utr=900000037144,,confirm_payee_with_ap_team_before_reposting,deterministic,,,2026-06-13,UPI/HDFC0001234/442030737713/bluecol@okaxis/BLUECOL CH,"-₹2,35,244.00",vendor_overpayment,Banking-ops,confirm_payee_with_ap_team_before_reposting,0.00,not_attempted,,
BL-000746,bank_line,BANK_CHARGE_NO_DOCUMENT,low,19793200,narration='NEFT CR HDFC0001234 900000041761 FROM SAHYADRI POLYMERS PVT LTD freight charges INR 197932' channel=NEFT utr=900000041761,,post_to_bank_charges_gl,deterministic,,,2026-06-13,NEFT CR HDFC0001234 900000041761 FROM SAHYADRI POLYMERS PVT LTD freight charges INR 197932,"₹1,97,932.00",bank_charge,Banking-ops,post_to_bank_charges_gl,0.00,not_attempted,,
BL-000795,bank_line,UNMATCHED_DEBIT,high,-53225800,narration='NEFT DR ICIC0000429 900000043309 FROM TRINETRA AGRI INPUTS advance INR 532258.00' channel=NEFT utr=900000043309,,confirm_payee_with_ap_team_before_reposting,deterministic,,,2026-06-19,NEFT DR ICIC0000429 900000043309 FROM TRINETRA AGRI INPUTS advance INR 532258.00,"-₹5,32,258.00",vendor_overpayment,Banking-ops,confirm_payee_with_ap_team_before_reposting,0.00,not_attempted,,
BL-000806,bank_line,UNMATCHED_DEBIT,high,-44314800,narration='NEFT DR SBIN0000921 900000034095 FROM TRINETRA SOLAR security deposit INR 443148.00' channel=NEFT utr=900000034095,,confirm_payee_with_ap_team_before_reposting,deterministic,,,2026-06-20,NEFT DR SBIN0000921 900000034095 FROM TRINETRA SOLAR security deposit INR 443148.00,"-₹4,43,148.00",vendor_overpayment,Banking-ops,confirm_payee_with_ap_team_before_reposting,0.00,not_attempted,,
BL-000817,bank_line,UNMATCHED_DEBIT,high,-33265800,narration='UPI/HDFC0001234/859565451834/ashwmac@paytm/ASHWINI MACHINE PAR' channel=UPI utr=900000037820,,confirm_payee_with_ap_team_before_reposting,deterministic,,,2026-06-22,UPI/HDFC0001234/859565451834/ashwmac@paytm/ASHWINI MACHINE PAR,"-₹3,32,658.00",vendor_overpayment,Banking-ops,confirm_payee_with_ap_team_before_reposting,0.00,not_attempted,,
BL-000818,bank_line,UNMATCHED_DEBIT,high,-25337600,narration='NEFT DR HDFC0001234 900000025367 FROM GOLDCREST STEEL TRADERS COMPANY security deposit INR' channel=NEFT utr=900000025367,,confirm_payee_with_ap_team_before_reposting,deterministic,,,2026-06-22,NEFT DR HDFC0001234 900000025367 FROM GOLDCREST STEEL TRADERS COMPANY security deposit INR,"-₹2,53,376.00",vendor_overpayment,Banking-ops,confirm_payee_with_ap_team_before_reposting,0.00,not_attempted,,
BL-000856,bank_line,UNMATCHED_DEBIT,high,-31043900,narration='NEFT DR KKBK0000812 900000034341 FROM GOLDCREST STEEL TRADERS COMPANY invoice settlement I' channel=NEFT utr=900000034341,,confirm_payee_with_ap_team_before_reposting,deterministic,,,2026-06-25,NEFT DR KKBK0000812 900000034341 FROM GOLDCREST STEEL TRADERS COMPANY invoice settlement I,"-₹3,10,439.00",vendor_overpayment,Banking-ops,confirm_payee_with_ap_team_before_reposting,0.00,not_attempted,,
BL-000866,bank_line,UNALLOCATED_CREDIT,high,149553100,narration='NEFT CR SBIN0000921 900000053617 FROM GOLDCREST STEEL TRA part payment INR 1495531.00 INV-' channel=NEFT utr=900000053617,,contact_customer_for_remap_advice,deterministic,,,2026-06-25,NEFT CR SBIN0000921 900000053617 FROM GOLDCREST STEEL TRA part payment INR 1495531.00 INV-,"₹14,95,531.00",customer_overpayment,Banking-ops,contact_customer_for_remap_advice,0.00,not_attempted,,
BL-000899,bank_line,UNALLOCATED_CREDIT,high,14007200,narration='NEFT CR HDFC0001234 900000037665 FROM GOLDCREST SECURITY SYSTEMS PRIVATE LIMITED milestone' channel=NEFT utr=900000037665,,contact_customer_for_remap_advice,deterministic,,,2026-06-29,NEFT CR HDFC0001234 900000037665 FROM GOLDCREST SECURITY SYSTEMS PRIVATE LIMITED milestone,"₹1,40,072.00",customer_overpayment,Banking-ops,contact_customer_for_remap_advice,0.00,not_attempted,,
BL-000919,bank_line,UNMATCHED_DEBIT,high,-121587900,narration='UPI/HDFC0001234/577224508323/ashwmac@paytm/ASHWINI MACHIN' channel=UPI utr=900000040121,,confirm_payee_with_ap_team_before_reposting,deterministic,,,2026-07-01,UPI/HDFC0001234/577224508323/ashwmac@paytm/ASHWINI MACHIN,"-₹12,15,879.00",vendor_overpayment,Banking-ops,confirm_payee_with_ap_team_before_reposting,0.00,not_attempted,,
BL-000949,bank_line,UNALLOCATED_CREDIT,high,38244400,narration='NEFT CR KKBK0000812 900000039568 FROM GOLDCREST SECURITY SYSTEMS & CO milestone 2 INR 3824' channel=NEFT utr=900000039568,,contact_customer_for_remap_advice,deterministic,,,2026-07-03,NEFT CR KKBK0000812 900000039568 FROM GOLDCREST SECURITY SYSTEMS & CO milestone 2 INR 3824,"₹3,82,444.00",customer_overpayment,Banking-ops,contact_customer_for_remap_advice,0.00,not_attempted,,
BL-001022,bank_line,UNMATCHED_DEBIT,high,-65824000,narration='NEFT DR UTIB0002233 900000054423 FROM TRINETRA AGRI INPUTS COMPANY against inv INR 658240.' channel=NEFT utr=900000054423,,confirm_payee_with_ap_team_before_reposting,deterministic,,,2026-07-10,NEFT DR UTIB0002233 900000054423 FROM TRINETRA AGRI INPUTS COMPANY against inv INR 658240.,"-₹6,58,240.00",vendor_overpayment,Banking-ops,confirm_payee_with_ap_team_before_reposting,0.00,not_attempted,,
BL-001032,bank_line,UNALLOCATED_CREDIT,high,124198800,narration='NEFT CR ICIC0000429 900000081040 FROM PUSHAGR INPUTS  material supply INR 1241988.00 INV-2' channel=NEFT utr=900000081040,,contact_customer_for_remap_advice,deterministic,,,2026-07-10,NEFT CR ICIC0000429 900000081040 FROM PUSHAGR INPUTS  material supply INR 1241988.00 INV-2,"₹12,41,988.00",customer_overpayment,Banking-ops,contact_customer_for_remap_advice,0.00,not_attempted,,
BL-001059,bank_line,UNALLOCATED_CREDIT,high,55163300,narration='NEFT CR KKBK0000812 900000044302 FROM GOLDCREST SECURITY SYSTEMS & CO security deposit INR' channel=NEFT utr=900000044302,,contact_customer_for_remap_advice,deterministic,,,2026-07-13,NEFT CR KKBK0000812 900000044302 FROM GOLDCREST SECURITY SYSTEMS & CO security deposit INR,"₹5,51,633.00",customer_overpayment,Banking-ops,contact_customer_for_remap_advice,0.00,not_attempted,,
BL-001098,bank_line,UNALLOCATED_CREDIT,high,143578600,narration='NEFT CR KKBK0000812 900000080961 FROM VEDIFAC MANAGEMENT part payment INR 1435786.00' channel=NEFT utr=900000080961,,contact_customer_for_remap_advice,deterministic,,,2026-07-16,NEFT CR KKBK0000812 900000080961 FROM VEDIFAC MANAGEMENT part payment INR 1435786.00,"₹14,35,786.00",customer_overpayment,Banking-ops,contact_customer_for_remap_advice,0.00,not_attempted,,
BL-001158,bank_line,UNALLOCATED_CREDIT,high,19622000,narration='NEFT CR ICIC0000429 900000070701 FROM GOLDCREST WAREHOU  part payment INR 196220.00' channel=NEFT utr=900000070701,,contact_customer_for_remap_advice,deterministic,,,2026-07-21,NEFT CR ICIC0000429 900000070701 FROM GOLDCREST WAREHOU  part payment INR 196220.00,"₹1,96,220.00",customer_overpayment,Banking-ops,contact_customer_for_remap_advice,0.00,not_attempted,,
BL-001162,bank_line,UNALLOCATED_CREDIT,high,109940600,narration='NEFT CR SBIN0000921 900000060398 FROM TRIVIDATA ROOF advance INR 1099406.00' channel=NEFT utr=900000060398,,contact_customer_for_remap_advice,deterministic,,,2026-07-21,NEFT CR SBIN0000921 900000060398 FROM TRIVIDATA ROOF advance INR 1099406.00,"₹10,99,406.00",customer_overpayment,Banking-ops,contact_customer_for_remap_advice,0.00,not_attempted,,
BL-001184,bank_line,UNALLOCATED_CREDIT,high,13461400,narration='UPI/HDFC0001234/550921246025/anancon@okhdfcbank/ANANCON CONV' channel=UPI utr=900000067508,,contact_customer_for_remap_advice,deterministic,,,2026-07-23,UPI/HDFC0001234/550921246025/anancon@okhdfcbank/ANANCON CONV,"₹1,34,614.00",customer_overpayment,Banking-ops,contact_customer_for_remap_advice,0.00,not_attempted,,
BL-001190,bank_line,BANK_CHARGE_NO_DOCUMENT,low,39668200,narration='NEFT CR ICIC0000429 900000055264 FROM ASHWINI CABLEPSYSTEMS PUN amc renewal INR 396682.00' channel=NEFT utr=900000055264,,post_to_bank_charges_gl,deterministic,,,2026-07-24,NEFT CR ICIC0000429 900000055264 FROM ASHWINI CABLEPSYSTEMS PUN amc renewal INR 396682.00,"₹3,96,682.00",bank_charge,Banking-ops,post_to_bank_charges_gl,0.00,not_attempted,,
BL-001208,bank_line,UNALLOCATED_CREDIT,high,212630300,narration='NEFT CR SBIN0000921 900000042975 FROM ASHWSOL EP against inv INR 2126303.00' channel=NEFT utr=900000042975,,contact_customer_for_remap_advice,deterministic,,,2026-07-25,NEFT CR SBIN0000921 900000042975 FROM ASHWSOL EP against inv INR 2126303.00,"₹21,26,303.00",customer_overpayment,Banking-ops,contact_customer_for_remap_advice,0.00,not_attempted,,
BL-001283,bank_line,UNALLOCATED_CREDIT,high,14467400,narration='UPI/HDFC0001234/758120090751/anancon@paytm/ANANT INFRA CONVEYANCES PVT LTD' channel=UPI utr=900000063232,,contact_customer_for_remap_advice,deterministic,,,2026-07-31,UPI/HDFC0001234/758120090751/anancon@paytm/ANANT INFRA CONVEYANCES PVT LTD,"₹1,44,674.00",customer_overpayment,Banking-ops,contact_customer_for_remap_advice,0.00,not_attempted,,
BL-001289,bank_line,UNALLOCATED_CREDIT,high,243923100,narration='NEFT CR ICIC0000429 900000074882 FROM ORBITEX PA invoice settlement INR 2439231.00 INV-202' channel=NEFT utr=900000074882,,contact_customer_for_remap_advice,deterministic,,,2026-07-31,NEFT CR ICIC0000429 900000074882 FROM ORBITEX PA invoice settlement INR 2439231.00 INV-202,"₹24,39,231.00",customer_overpayment,Banking-ops,contact_customer_for_remap_advice,0.00,not_attempted,,
BL-001324,bank_line,UNMATCHED_DEBIT,high,-39587200,narration='NEFT DR KKBK0000812 900000067250 FROM TRINETRA AGRI INP milestone 2 INR 395872.00' channel=NEFT utr=900000067250,,confirm_payee_with_ap_team_before_reposting,deterministic,,,2026-08-04,NEFT DR KKBK0000812 900000067250 FROM TRINETRA AGRI INP milestone 2 INR 395872.00,"-₹3,95,872.00",vendor_overpayment,Banking-ops,confirm_payee_with_ap_team_before_reposting,0.00,not_attempted,,
BL-001371,bank_line,UNALLOCATED_CREDIT,high,15715900,narration='NEFT CR ICIC0000429 900000052060 FROM ASHWINI SOLAR EPC PVT LTD against inv INR 157159.00' channel=NEFT utr=900000052060,,contact_customer_for_remap_advice,deterministic,,,2026-08-08,NEFT CR ICIC0000429 900000052060 FROM ASHWINI SOLAR EPC PVT LTD against inv INR 157159.00,"₹1,57,159.00",customer_overpayment,Banking-ops,contact_customer_for_remap_advice,0.00,not_attempted,,
BL-001479,bank_line,UNALLOCATED_CREDIT,high,24086600,narration='UPI/HDFC0001234/844935725266/everwat@okhdfcbank/EVERSTONE WATER TREATMENT COMPANY' channel=UPI utr=900000057058,,contact_customer_for_remap_advice,deterministic,,,2026-08-18,UPI/HDFC0001234/844935725266/everwat@okhdfcbank/EVERSTONE WATER TREATMENT COMPANY,"₹2,40,866.00",customer_overpayment,Banking-ops,contact_customer_for_remap_advice,0.00,not_attempted,,
BL-001518,bank_line,UNALLOCATED_CREDIT,high,62073700,narration='UPI/HDFC0001234/210583712790/ashwcol@paytm/ASHWINI COLD CHAIN PRIVATE LIMITED' channel=UPI utr=900000071251,,contact_customer_for_remap_advice,deterministic,,,2026-08-21,UPI/HDFC0001234/210583712790/ashwcol@paytm/ASHWINI COLD CHAIN PRIVATE LIMITED,"₹6,20,737.00",customer_overpayment,Banking-ops,contact_customer_for_remap_advice,0.00,not_attempted,,
BL-001555,bank_line,UNALLOCATED_CREDIT,high,42503400,narration='RTGS UTIB0002233 900000068567 SHREE BALAJI HARDWARE PRIVATE LIMITED INR 425034.00 freight' channel=RTGS utr=900000068567,,contact_customer_for_remap_advice,deterministic,,,2026-08-24,RTGS UTIB0002233 900000068567 SHREE BALAJI HARDWARE PRIVATE LIMITED INR 425034.00 freight,"₹4,25,034.00",customer_overpayment,Banking-ops,contact_customer_for_remap_advice,0.00,not_attempted,,
BL-001576,bank_line,UNMATCHED_DEBIT,high,-73153700,narration='NEFT DR HDFC0001234 900000074651 FROM MERIDIAN POQ  against inv INR 731537.00' channel=NEFT utr=900000074651,,confirm_payee_with_ap_team_before_reposting,deterministic,,,2026-08-26,NEFT DR HDFC0001234 900000074651 FROM MERIDIAN POQ  against inv INR 731537.00,"-₹7,31,537.00",vendor_overpayment,Banking-ops,confirm_payee_with_ap_team_before_reposting,0.00,not_attempted,,
BL-001702,bank_line,UNALLOCATED_CREDIT,high,55495900,narration='NEFT CR HDFC0001234 900000074236 FROM VEDIKA FACILITY FANAGEMENT & CO part payment INR 554' channel=NEFT utr=900000074236,,contact_customer_for_remap_advice,deterministic,,,2026-09-05,NEFT CR HDFC0001234 900000074236 FROM VEDIKA FACILITY FANAGEMENT & CO part payment INR 554,"₹5,54,959.00",customer_overpayment,Banking-ops,contact_customer_for_remap_advice,0.00,not_attempted,,
BL-001704,bank_line,BANK_CHARGE_NO_DOCUMENT,low,-150000,narration='NEFT OUTWARD PROCESSING FEE HDFC0001234' channel=NEFT utr=900000081348,,post_to_bank_charges_gl,deterministic,,,2026-06-23,NEFT OUTWARD PROCESSING FEE HDFC0001234,"-₹1,500.00",bank_charge,Banking-ops,post_to_bank_charges_gl,0.00,not_attempted,,
BL-001706,bank_line,BANK_CHARGE_NO_DOCUMENT,low,-295000,narration='SERVICE CHG FOR MONTHLY MAINTAINANCE' channel=INTEREST utr=900000081413,,post_to_bank_charges_gl,deterministic,,,2026-07-07,SERVICE CHG FOR MONTHLY MAINTAINANCE,"-₹2,950.00",bank_charge,Banking-ops,post_to_bank_charges_gl,0.00,not_attempted,,
BL-001708,bank_line,BANK_INTEREST_NO_DOCUMENT,low,18450000,narration='CREDIT INTEREST ON SAVINGS BALANCE QUARTERLY' channel=INTEREST utr=900000081463,,post_to_interest_income_gl,deterministic,,,2026-06-10,CREDIT INTEREST ON SAVINGS BALANCE QUARTERLY,"₹1,84,500.00",interest,Banking-ops,post_to_interest_income_gl,0.00,not_attempted,,
BL-001710,bank_line,REVERSAL_OR_RETURN,medium,-50000,narration='CHEQUE RETURN CHRG INVALID SIGNATURE' channel=CHEQUE utr=900000081535,,match_against_original_then_repost,deterministic,,,2026-07-08,CHEQUE RETURN CHRG INVALID SIGNATURE,-₹500.00,refund_or_reversal,Banking-ops,match_against_original_then_repost,0.00,not_attempted,,
BL-001712,bank_line,UNALLOCATED_CREDIT,high,25000000,narration='UPI CR @SUNRISEMARTS@YBL 128734567890123 RANDOM' channel=UPI utr=900000081576,,contact_customer_for_remap_advice,deterministic,,,2026-08-10,UPI CR @SUNRISEMARTS@YBL 128734567890123 RANDOM,"₹2,50,000.00",customer_overpayment,Banking-ops,contact_customer_for_remap_advice,0.00,not_attempted,,
BL-001714,bank_line,UNALLOCATED_CREDIT,high,100000000,narration='NEFT CR HDFC0001234 991234567890123 FROM UNKNOWN PARTY XZ' channel=NEFT utr=900000081670,,contact_customer_for_remap_advice,deterministic,,,2026-08-19,NEFT CR HDFC0001234 991234567890123 FROM UNKNOWN PARTY XZ,"₹10,00,000.00",customer_overpayment,Banking-ops,contact_customer_for_remap_advice,0.00,not_attempted,,
AR-INV-2026-000009,invoice,OVERDUE_UNRECONCILED_AR,high,46189500,Invoice INV-2026-000009 for Copperleaf Electricals PVT LTD is 135 days past due with no matching receipt.,INV-2026-000009,chase_or_provision,deterministic,,,,,"₹4,61,895.00",unknown,AR,chase_or_provision,0.00,not_attempted,,
AR-INV-2026-000027,invoice,OVERDUE_UNRECONCILED_AR,high,7795900,Invoice INV-2026-000027 for Zenith One Logistics & Co is 149 days past due with no matching receipt.,INV-2026-000027,chase_or_provision,deterministic,,,,,"₹77,959.00",unknown,AR,chase_or_provision,0.00,not_attempted,,
AR-INV-2026-000034,invoice,OVERDUE_UNRECONCILED_AR,high,51623900,Invoice INV-2026-000034 for Vedika Textiles Company is 163 days past due with no matching receipt.,INV-2026-000034,chase_or_provision,deterministic,,,,,"₹5,16,239.00",unknown,AR,chase_or_provision,0.00,not_attempted,,
AR-INV-2026-000035,invoice,OVERDUE_UNRECONCILED_AR,high,50685600,Invoice INV-2026-000035 for Shree Balaji Machine Parts & Co is 117 days past due with no matching receipt.,INV-2026-000035,chase_or_provision,deterministic,,,,,"₹5,06,856.00",unknown,AR,chase_or_provision,0.00,not_attempted,,
AR-INV-2026-000042,invoice,OVERDUE_UNRECONCILED_AR,high,14740000,Invoice INV-2026-000042 for Suryavansh Catering Services Company is 147 days past due with no matching receipt.,INV-2026-000042,chase_or_provision,deterministic,,,,,"₹1,47,400.00",unknown,AR,chase_or_provision,0.00,not_attempted,,
AR-INV-2026-000049,invoice,OVERDUE_UNRECONCILED_AR,high,13570000,Invoice INV-2026-000049 for Trinetra Piping Solutions LLP is 117 days past due with no matching receipt.,INV-2026-000049,chase_or_provision,deterministic,,,,,"₹1,35,700.00",unknown,AR,chase_or_provision,0.00,not_attempted,,
AR-INV-2026-000084,invoice,OVERDUE_UNRECONCILED_AR,high,32685900,Invoice INV-2026-000084 for Saptagiri Analytics Ltd is 166 days past due with no matching receipt.,INV-2026-000084,chase_or_provision,deterministic,,,,,"₹3,26,859.00",unknown,AR,chase_or_provision,0.00,not_attempted,,
AR-INV-2026-000085,invoice,OVERDUE_UNRECONCILED_AR,high,547230800,Invoice INV-2026-000085 for Shree Balaji Hardware Private Limited is 128 days past due with no matching receipt.,INV-2026-000085,chase_or_provision,deterministic,,,,,"₹54,72,308.00",unknown,AR,chase_or_provision,0.00,not_attempted,,
AR-INV-2026-000094,invoice,OVERDUE_UNRECONCILED_AR,high,102556400,Invoice INV-2026-000094 for Trividata Roofing Products PVT LTD is 143 days past due with no matching receipt.,INV-2026-000094,chase_or_provision,deterministic,,,,,"₹10,25,564.00",unknown,AR,chase_or_provision,0.00,not_attempted,,
AR-INV-2026-000151,invoice,OVERDUE_UNRECONCILED_AR,high,7414000,Invoice INV-2026-000151 for Suryavansh Catering Services Company is 140 days past due with no matching receipt.,INV-2026-000151,chase_or_provision,deterministic,,,,,"₹74,140.00",unknown,AR,chase_or_provision,0.00,not_attempted,,
AR-INV-2026-000185,invoice,OVERDUE_UNRECONCILED_AR,high,96144800,Invoice INV-2026-000185 for Goldcrest Warehousing Private Limited is 159 days past due with no matching receipt.,INV-2026-000185,chase_or_provision,deterministic,,,,,"₹9,61,448.00",unknown,AR,chase_or_provision,0.00,not_attempted,,
AR-INV-2026-000229,invoice,OVERDUE_UNRECONCILED_AR,high,32108100,Invoice INV-2026-000229 for Goldcrest Security Systems & Co is 103 days past due with no matching receipt.,INV-2026-000229,chase_or_provision,deterministic,,,,,"₹3,21,081.00",unknown,AR,chase_or_provision,0.00,not_attempted,,
AR-INV-2026-000232,invoice,OVERDUE_UNRECONCILED_AR,high,54705600,Invoice INV-2026-000232 for Shree Balaji Hardware Private Limited is 117 days past due with no matching receipt.,INV-2026-000232,chase_or_provision,deterministic,,,,,"₹5,47,056.00",unknown,AR,chase_or_provision,0.00,not_attempted,,
AR-INV-2026-000243,invoice,OVERDUE_UNRECONCILED_AR,high,258977200,Invoice INV-2026-000243 for Zenith One Logistics & Co is 131 days past due with no matching receipt.,INV-2026-000243,chase_or_provision,deterministic,,,,,"₹25,89,772.00",unknown,AR,chase_or_provision,0.00,not_attempted,,
AR-INV-2026-000260,invoice,OVERDUE_UNRECONCILED_AR,high,18464300,Invoice INV-2026-000260 for Shree Balaji Machine Parts & Co is 102 days past due with no matching receipt.,INV-2026-000260,chase_or_provision,deterministic,,,,,"₹1,84,643.00",unknown,AR,chase_or_provision,0.00,not_attempted,,
AR-INV-2026-000291,invoice,OVERDUE_UNRECONCILED_AR,high,103442600,Invoice INV-2026-000291 for Orbitex Paper Mills PVT LTD is 152 days past due with no matching receipt.,INV-2026-000291,chase_or_provision,deterministic,,,,,"₹10,34,426.00",unknown,AR,chase_or_provision,0.00,not_attempted,,
AR-INV-2026-000302,invoice,OVERDUE_UNRECONCILED_AR,high,78718400,Invoice INV-2026-000302 for Ashwini Cold Chain Ltd is 128 days past due with no matching receipt.,INV-2026-000302,chase_or_provision,deterministic,,,,,"₹7,87,184.00",unknown,AR,chase_or_provision,0.00,not_attempted,,
AR-INV-2026-000311,invoice,OVERDUE_UNRECONCILED_AR,high,119840300,Invoice INV-2026-000311 for Nalanda Recyclers LLP is 143 days past due with no matching receipt.,INV-2026-000311,chase_or_provision,deterministic,,,,,"₹11,98,403.00",unknown,AR,chase_or_provision,0.00,not_attempted,,
AR-INV-2026-000322,invoice,OVERDUE_UNRECONCILED_AR,high,94660700,Invoice INV-2026-000322 for Saptagiri Analytics Ltd is 150 days past due with no matching receipt.,INV-2026-000322,chase_or_provision,deterministic,,,,,"₹9,46,607.00",unknown,AR,chase_or_provision,0.00,not_attempted,,
AR-INV-2026-000324,invoice,OVERDUE_UNRECONCILED_AR,high,85864500,Invoice INV-2026-000324 for Orbitex Paper Mills PVT LTD is 150 days past due with no matching receipt.,INV-2026-000324,chase_or_provision,deterministic,,,,,"₹8,58,645.00",unknown,AR,chase_or_provision,0.00,not_attempted,,
AR-INV-2026-000370,invoice,OVERDUE_UNRECONCILED_AR,high,55895500,Invoice INV-2026-000370 for Vedika Textiles Company is 137 days past due with no matching receipt.,INV-2026-000370,chase_or_provision,deterministic,,,,,"₹5,58,955.00",unknown,AR,chase_or_provision,0.00,not_attempted,,
AR-INV-2026-000381,invoice,OVERDUE_UNRECONCILED_AR,high,13787500,Invoice INV-2026-000381 for Ashwini Interiors & Co is 121 days past due with no matching receipt.,INV-2026-000381,chase_or_provision,deterministic,,,,,"₹1,37,875.00",unknown,AR,chase_or_provision,0.00,not_attempted,,
AR-INV-2026-000384,invoice,OVERDUE_UNRECONCILED_AR,high,17082700,Invoice INV-2026-000384 for Goldcrest Warehousing Private Limited is 144 days past due with no matching receipt.,INV-2026-000384,chase_or_provision,deterministic,,,,,"₹1,70,827.00",unknown,AR,chase_or_provision,0.00,not_attempted,,
AR-INV-2026-000427,invoice,OVERDUE_UNRECONCILED_AR,high,88051300,Invoice INV-2026-000427 for Pushpa Metals Agri Inputs PVT LTD is 141 days past due with no matching receipt.,INV-2026-000427,chase_or_provision,deterministic,,,,,"₹8,80,513.00",unknown,AR,chase_or_provision,0.00,not_attempted,,
AR-INV-2026-000441,invoice,OVERDUE_UNRECONCILED_AR,high,28078400,Invoice INV-2026-000441 for Goldcrest Warehousing Private Limited is 138 days past due with no matching receipt.,INV-2026-000441,chase_or_provision,deterministic,,,,,"₹2,80,784.00",unknown,AR,chase_or_provision,0.00,not_attempted,,
AR-INV-2026-000451,invoice,OVERDUE_UNRECONCILED_AR,high,95476200,Invoice INV-2026-000451 for Suryavansh Print Solutions & Co is 114 days past due with no matching receipt.,INV-2026-000451,chase_or_provision,deterministic,,,,,"₹9,54,762.00",unknown,AR,chase_or_provision,0.00,not_attempted,,
AR-INV-2026-000481,invoice,OVERDUE_UNRECONCILED_AR,high,223488800,Invoice INV-2026-000481 for Ashwini Cold Chain Ltd is 112 days past due with no matching receipt.,INV-2026-000481,chase_or_provision,deterministic,,,,,"₹22,34,888.00",unknown,AR,chase_or_provision,0.00,not_attempted,,
AR-INV-2026-000526,invoice,OVERDUE_UNRECONCILED_AR,high,23899400,Invoice INV-2026-000526 for Goldcrest Security Systems & Co is 77 days past due with no matching receipt.,INV-2026-000526,chase_or_provision,deterministic,,,,,"₹2,38,994.00",unknown,AR,chase_or_provision,0.00,not_attempted,,
AR-INV-2026-000527,invoice,OVERDUE_UNRECONCILED_AR,high,43736000,Invoice INV-2026-000527 for Anant Infra Conveyances PVT LTD is 107 days past due with no matching receipt.,INV-2026-000527,chase_or_provision,deterministic,,,,,"₹4,37,360.00",unknown,AR,chase_or_provision,0.00,not_attempted,,
AR-INV-2026-000607,invoice,OVERDUE_UNRECONCILED_AR,high,38156400,Invoice INV-2026-000607 for Orbitex Packaging Private Limited is 84 days past due with no matching receipt.,INV-2026-000607,chase_or_provision,deterministic,,,,,"₹3,81,564.00",unknown,AR,chase_or_provision,0.00,not_attempted,,
AR-INV-2026-000614,invoice,OVERDUE_UNRECONCILED_AR,high,80980000,Invoice INV-2026-000614 for Orbitex Paper Mills PVT LTD is 122 days past due with no matching receipt.,INV-2026-000614,chase_or_provision,deterministic,,,,,"₹8,09,800.00",unknown,AR,chase_or_provision,0.00,not_attempted,,
AR-INV-2026-000625,invoice,OVERDUE_UNRECONCILED_AR,high,143016200,Invoice INV-2026-000625 for Ashwini Cold Chain Ltd is 98 days past due with no matching receipt.,INV-2026-000625,chase_or_provision,deterministic,,,,,"₹14,30,162.00",unknown,AR,chase_or_provision,0.00,not_attempted,,
AR-INV-2026-000647,invoice,OVERDUE_UNRECONCILED_AR,high,14479300,Invoice INV-2026-000647 for Goldcrest Security Systems & Co is 67 days past due with no matching receipt.,INV-2026-000647,chase_or_provision,deterministic,,,,,"₹1,44,793.00",unknown,AR,chase_or_provision,0.00,not_attempted,,
AR-INV-2026-000672,invoice,OVERDUE_UNRECONCILED_AR,high,154866900,Invoice INV-2026-000672 for Orbitex Dairy Foods PVT LTD is 116 days past due with no matching receipt.,INV-2026-000672,chase_or_provision,deterministic,,,,,"₹15,48,669.00",unknown,AR,chase_or_provision,0.00,not_attempted,,
AR-INV-2026-000673,invoice,OVERDUE_UNRECONCILED_AR,high,15553900,Invoice INV-2026-000673 for Suryavansh Petro Chemicals & Co is 93 days past due with no matching receipt.,INV-2026-000673,chase_or_provision,deterministic,,,,,"₹1,55,539.00",unknown,AR,chase_or_provision,0.00,not_attempted,,
AR-INV-2026-000675,invoice,OVERDUE_UNRECONCILED_AR,high,39382100,Invoice INV-2026-000675 for Zenith One Logistics & Co is 93 days past due with no matching receipt.,INV-2026-000675,chase_or_provision,deterministic,,,,,"₹3,93,821.00",unknown,AR,chase_or_provision,0.00,not_attempted,,
AR-INV-2026-000692,invoice,OVERDUE_UNRECONCILED_AR,high,57516600,Invoice INV-2026-000692 for Anant Infra Staffing Private Limited is 77 days past due with no matching receipt.,INV-2026-000692,chase_or_provision,deterministic,,,,,"₹5,75,166.00",unknown,AR,chase_or_provision,0.00,not_attempted,,
AR-INV-2026-000693,invoice,OVERDUE_UNRECONCILED_AR,high,39450900,Invoice INV-2026-000693 for Goldcrest Security Systems & Co is 61 days past due with no matching receipt.,INV-2026-000693,chase_or_provision,deterministic,,,,,"₹3,94,509.00",unknown,AR,chase_or_provision,0.00,not_attempted,,
AR-INV-2026-000702,invoice,OVERDUE_UNRECONCILED_AR,high,55103300,Invoice INV-2026-000702 for Ashwini Interiors & Co is 91 days past due with no matching receipt.,INV-2026-000702,chase_or_provision,deterministic,,,,,"₹5,51,033.00",unknown,AR,chase_or_provision,0.00,not_attempted,,
AR-INV-2026-000732,invoice,OVERDUE_UNRECONCILED_AR,high,24549300,Invoice INV-2026-000732 for Nalanda Fab Services Private Limited is 59 days past due with no matching receipt.,INV-2026-000732,chase_or_provision,deterministic,,,,,"₹2,45,493.00",unknown,AR,chase_or_provision,0.00,not_attempted,,
AR-INV-2026-000747,invoice,OVERDUE_UNRECONCILED_AR,high,59667400,Invoice INV-2026-000747 for Anant Infra Staffing Private Limited is 72 days past due with no matching receipt.,INV-2026-000747,chase_or_provision,deterministic,,,,,"₹5,96,674.00",unknown,AR,chase_or_provision,0.00,not_attempted,,
AR-INV-2026-000757,invoice,OVERDUE_UNRECONCILED_AR,high,20634700,Invoice INV-2026-000757 for Sahyadri Polymers PVT LTD is 71 days past due with no matching receipt.,INV-2026-000757,chase_or_provision,deterministic,,,,,"₹2,06,347.00",unknown,AR,chase_or_provision,0.00,not_attempted,,
AR-INV-2026-000780,invoice,OVERDUE_UNRECONCILED_AR,high,80234100,Invoice INV-2026-000780 for Vedika Facility Management & Co is 68 days past due with no matching receipt.,INV-2026-000780,chase_or_provision,deterministic,,,,,"₹8,02,341.00",unknown,AR,chase_or_provision,0.00,not_attempted,,
AR-INV-2026-000782,invoice,OVERDUE_UNRECONCILED_AR,high,212630300,Invoice INV-2026-000782 for Ashwini Solar EPC PVT LTD is 68 days past due with no matching receipt.,INV-2026-000782,chase_or_provision,deterministic,,,,,"₹21,26,303.00",unknown,AR,chase_or_provision,0.00,not_attempted,,
AR-INV-2026-000814,invoice,OVERDUE_UNRECONCILED_AR,high,58267300,Invoice INV-2026-000814 for Goldcrest Security Systems & Co is 49 days past due with no matching receipt.,INV-2026-000814,chase_or_provision,deterministic,,,,,"₹5,82,673.00",unknown,AR,chase_or_provision,0.00,not_attempted,,
AR-INV-2026-000826,invoice,OVERDUE_UNRECONCILED_AR,high,15105500,Invoice INV-2026-000826 for Anant Infra Staffing Private Limited is 63 days past due with no matching receipt.,INV-2026-000826,chase_or_provision,deterministic,,,,,"₹1,51,055.00",unknown,AR,chase_or_provision,0.00,not_attempted,,
AR-INV-2026-000827,invoice,OVERDUE_UNRECONCILED_AR,high,37780000,Invoice INV-2026-000827 for Suryavansh Petro Chemicals & Co is 78 days past due with no matching receipt.,INV-2026-000827,chase_or_provision,deterministic,,,,,"₹3,77,800.00",unknown,AR,chase_or_provision,0.00,not_attempted,,
AR-INV-2026-000836,invoice,OVERDUE_UNRECONCILED_AR,high,112549100,Invoice INV-2026-000836 for Ashwini Interiors & Co is 77 days past due with no matching receipt.,INV-2026-000836,chase_or_provision,deterministic,,,,,"₹11,25,491.00",unknown,AR,chase_or_provision,0.00,not_attempted,,
AR-INV-2026-000846,invoice,OVERDUE_UNRECONCILED_AR,high,34237400,Invoice INV-2026-000846 for Suryavansh Catering Services Company is 75 days past due with no matching receipt.,INV-2026-000846,chase_or_provision,deterministic,,,,,"₹3,42,374.00",unknown,AR,chase_or_provision,0.00,not_attempted,,
AR-INV-2026-000880,invoice,OVERDUE_UNRECONCILED_AR,high,64413900,Invoice INV-2026-000880 for Suryavansh Print Solutions & Co is 72 days past due with no matching receipt.,INV-2026-000880,chase_or_provision,deterministic,,,,,"₹6,44,139.00",unknown,AR,chase_or_provision,0.00,not_attempted,,
AR-INV-2026-000884,invoice,OVERDUE_UNRECONCILED_AR,medium,48498900,Invoice INV-2026-000884 for Goldcrest Security Systems & Co is 42 days past due with no matching receipt.,INV-2026-000884,chase_or_provision,deterministic,,,,,"₹4,84,989.00",unknown,AR,chase_or_provision,0.00,not_attempted,,
AR-INV-2026-000897,invoice,OVERDUE_UNRECONCILED_AR,high,62290100,Invoice INV-2026-000897 for Ashwini Interiors & Co is 71 days past due with no matching receipt.,INV-2026-000897,chase_or_provision,deterministic,,,,,"₹6,22,901.00",unknown,AR,chase_or_provision,0.00,not_attempted,,
AR-INV-2026-000917,invoice,OVERDUE_UNRECONCILED_AR,high,65787200,Invoice INV-2026-000917 for Ashwini Interiors & Co is 68 days past due with no matching receipt.,INV-2026-000917,chase_or_provision,deterministic,,,,,"₹6,57,872.00",unknown,AR,chase_or_provision,0.00,not_attempted,,
AR-INV-2026-000941,invoice,OVERDUE_UNRECONCILED_AR,high,43210600,Invoice INV-2026-000941 for Anant Infra Staffing Private Limited is 51 days past due with no matching receipt.,INV-2026-000941,chase_or_provision,deterministic,,,,,"₹4,32,106.00",unknown,AR,chase_or_provision,0.00,not_attempted,,
AR-INV-2026-000970,invoice,OVERDUE_UNRECONCILED_AR,high,51301000,Invoice INV-2026-000970 for Orbitex Dairy Foods PVT LTD is 87 days past due with no matching receipt.,INV-2026-000970,chase_or_provision,deterministic,,,,,"₹5,13,010.00",unknown,AR,chase_or_provision,0.00,not_attempted,,
AR-INV-2026-000987,invoice,OVERDUE_UNRECONCILED_AR,high,16099400,Invoice INV-2026-000987 for Ashwini Solar EPC PVT LTD is 47 days past due with no matching receipt.,INV-2026-000987,chase_or_provision,deterministic,,,,,"₹1,60,994.00",unknown,AR,chase_or_provision,0.00,not_attempted,,
AR-INV-2026-000997,invoice,OVERDUE_UNRECONCILED_AR,high,21255000,Invoice INV-2026-000997 for Suryavansh Petro Chemicals & Co is 61 days past due with no matching receipt.,INV-2026-000997,chase_or_provision,deterministic,,,,,"₹2,12,550.00",unknown,AR,chase_or_provision,0.00,not_attempted,,
AR-INV-2026-001021,invoice,OVERDUE_UNRECONCILED_AR,high,157442000,Invoice INV-2026-001021 for Goldcrest Steel Traders Company is 74 days past due with no matching receipt.,INV-2026-001021,chase_or_provision,deterministic,,,,,"₹15,74,420.00",unknown,AR,chase_or_provision,0.00,not_attempted,,
AR-INV-2026-001023,invoice,OVERDUE_UNRECONCILED_AR,medium,19046100,Invoice INV-2026-001023 for Vedika Facility Management & Co is 44 days past due with no matching receipt.,INV-2026-001023,chase_or_provision,deterministic,,,,,"₹1,90,461.00",unknown,AR,chase_or_provision,0.00,not_attempted,,
AR-INV-2026-001035,invoice,OVERDUE_UNRECONCILED_AR,high,38315000,Invoice INV-2026-001035 for Pushpa Metals Agri Inputs PVT LTD is 81 days past due with no matching receipt.,INV-2026-001035,chase_or_provision,deterministic,,,,,"₹3,83,150.00",unknown,AR,chase_or_provision,0.00,not_attempted,,
AR-INV-2026-001050,invoice,OVERDUE_UNRECONCILED_AR,high,34608500,Invoice INV-2026-001050 for Orbitex Dairy Foods PVT LTD is 80 days past due with no matching receipt.,INV-2026-001050,chase_or_provision,deterministic,,,,,"₹3,46,085.00",unknown,AR,chase_or_provision,0.00,not_attempted,,
AR-INV-2026-001064,invoice,OVERDUE_UNRECONCILED_AR,high,41267200,Invoice INV-2026-001064 for Ashwini Cable Systems LLP is 56 days past due with no matching receipt.,INV-2026-001064,chase_or_provision,deterministic,,,,,"₹4,12,672.00",unknown,AR,chase_or_provision,0.00,not_attempted,,
AR-INV-2026-001066,invoice,OVERDUE_UNRECONCILED_AR,medium,78298600,Invoice INV-2026-001066 for Vedika Facility Management & Co is 40 days past due with no matching receipt.,INV-2026-001066,chase_or_provision,deterministic,,,,,"₹7,82,986.00",unknown,AR,chase_or_provision,0.00,not_attempted,,
AR-INV-2026-001078,invoice,OVERDUE_UNRECONCILED_AR,high,21869800,Invoice INV-2026-001078 for Anant Infra Conveyances PVT LTD is 54 days past due with no matching receipt.,INV-2026-001078,chase_or_provision,deterministic,,,,,"₹2,18,698.00",unknown,AR,chase_or_provision,0.00,not_attempted,,
AR-INV-2026-001087,invoice,OVERDUE_UNRECONCILED_AR,medium,334427400,Invoice INV-2026-001087 for Orbitex Packaging Private Limited is 39 days past due with no matching receipt.,INV-2026-001087,chase_or_provision,deterministic,,,,,"₹33,44,274.00",unknown,AR,chase_or_provision,0.00,not_attempted,,
AR-INV-2026-001093,invoice,OVERDUE_UNRECONCILED_AR,medium,47853000,Invoice INV-2026-001093 for Vedika Facility Management & Co is 37 days past due with no matching receipt.,INV-2026-001093,chase_or_provision,deterministic,,,,,"₹4,78,530.00",unknown,AR,chase_or_provision,0.00,not_attempted,,
AR-INV-2026-001104,invoice,OVERDUE_UNRECONCILED_AR,medium,24705900,Invoice INV-2026-001104 for Everstone Water Treatment Company is 19 days past due with no matching receipt.,INV-2026-001104,chase_or_provision,deterministic,,,,,"₹2,47,059.00",unknown,AR,chase_or_provision,0.00,not_attempted,,
AR-INV-2026-001115,invoice,OVERDUE_UNRECONCILED_AR,high,6984600,Invoice INV-2026-001115 for Anant Infra Conveyances PVT LTD is 50 days past due with no matching receipt.,INV-2026-001115,chase_or_provision,deterministic,,,,,"₹69,846.00",unknown,AR,chase_or_provision,0.00,not_attempted,,
AR-INV-2026-001124,invoice,OVERDUE_UNRECONCILED_AR,high,65693200,Invoice INV-2026-001124 for Pushpa Metals Agri Inputs PVT LTD is 72 days past due with no matching receipt.,INV-2026-001124,chase_or_provision,deterministic,,,,,"₹6,56,932.00",unknown,AR,chase_or_provision,0.00,not_attempted,,
AR-INV-2026-001167,invoice,OVERDUE_UNRECONCILED_AR,medium,116073700,Invoice INV-2026-001167 for Trividata Roofing Products PVT LTD is 45 days past due with no matching receipt.,INV-2026-001167,chase_or_provision,deterministic,,,,,"₹11,60,737.00",unknown,AR,chase_or_provision,0.00,not_attempted,,
AR-INV-2026-001190,invoice,OVERDUE_UNRECONCILED_AR,medium,600000000,Invoice INV-2026-001190 for Shree Balaji Hardware Private Limited is 28 days past due with no matching receipt.,INV-2026-001190,chase_or_provision,deterministic,,,,,"₹60,00,000.00",unknown,AR,chase_or_provision,0.00,not_attempted,,
AR-INV-2026-001201,invoice,OVERDUE_UNRECONCILED_AR,medium,24302300,Invoice INV-2026-001201 for Nalanda Fab Services Private Limited is 12 days past due with no matching receipt.,INV-2026-001201,chase_or_provision,deterministic,,,,,"₹2,43,023.00",unknown,AR,chase_or_provision,0.00,not_attempted,,
AR-INV-2026-001204,invoice,OVERDUE_UNRECONCILED_AR,high,20190600,Invoice INV-2026-001204 for Pushpa Metals Agri Inputs PVT LTD is 65 days past due with no matching receipt.,INV-2026-001204,chase_or_provision,deterministic,,,,,"₹2,01,906.00",unknown,AR,chase_or_provision,0.00,not_attempted,,
AR-INV-2026-001221,invoice,OVERDUE_UNRECONCILED_AR,high,37801400,Invoice INV-2026-001221 for Pushpa Metals Agri Inputs PVT LTD is 64 days past due with no matching receipt.,INV-2026-001221,chase_or_provision,deterministic,,,,,"₹3,78,014.00",unknown,AR,chase_or_provision,0.00,not_attempted,,
AR-INV-2026-001230,invoice,OVERDUE_UNRECONCILED_AR,medium,14820000,Invoice INV-2026-001230 for Anant Infra Conveyances PVT LTD is 40 days past due with no matching receipt.,INV-2026-001230,chase_or_provision,deterministic,,,,,"₹1,48,200.00",unknown,AR,chase_or_provision,0.00,not_attempted,,
AR-INV-2026-001245,invoice,OVERDUE_UNRECONCILED_AR,high,148463400,Invoice INV-2026-001245 for Meridian Lab Supplies LLP is 61 days past due with no matching receipt.,INV-2026-001245,chase_or_provision,deterministic,,,,,"₹14,84,634.00",unknown,AR,chase_or_provision,0.00,not_attempted,,
AR-INV-2026-001262,invoice,OVERDUE_UNRECONCILED_AR,medium,31700200,Invoice INV-2026-001262 for Suryavansh Petro Chemicals & Co is 37 days past due with no matching receipt.,INV-2026-001262,chase_or_provision,deterministic,,,,,"₹3,17,002.00",unknown,AR,chase_or_provision,0.00,not_attempted,,
AR-INV-2026-001275,invoice,OVERDUE_UNRECONCILED_AR,medium,101008400,Invoice INV-2026-001275 for Trividata Roofing Products PVT LTD is 36 days past due with no matching receipt.,INV-2026-001275,chase_or_provision,deterministic,,,,,"₹10,10,084.00",unknown,AR,chase_or_provision,0.00,not_attempted,,
AR-INV-2026-001316,invoice,OVERDUE_UNRECONCILED_AR,medium,64625900,Invoice INV-2026-001316 for Suryavansh Petro Chemicals & Co is 33 days past due with no matching receipt.,INV-2026-001316,chase_or_provision,deterministic,,,,,"₹6,46,259.00",unknown,AR,chase_or_provision,0.00,not_attempted,,
AR-INV-2026-001327,invoice,OVERDUE_UNRECONCILED_AR,medium,14038300,Invoice INV-2026-001327 for Anant Infra Conveyances PVT LTD is 33 days past due with no matching receipt.,INV-2026-001327,chase_or_provision,deterministic,,,,,"₹1,40,383.00",unknown,AR,chase_or_provision,0.00,not_attempted,,
AR-INV-2026-001328,invoice,OVERDUE_UNRECONCILED_AR,medium,43511800,Invoice INV-2026-001328 for Everstone Water Treatment Company is 3 days past due with no matching receipt.,INV-2026-001328,chase_or_provision,deterministic,,,,,"₹4,35,118.00",unknown,AR,chase_or_provision,0.00,not_attempted,,
AR-INV-2026-001337,invoice,OVERDUE_UNRECONCILED_AR,medium,23558500,Invoice INV-2026-001337 for Nalanda Fab Services Private Limited is 1 days past due with no matching receipt.,INV-2026-001337,chase_or_provision,deterministic,,,,,"₹2,35,585.00",unknown,AR,chase_or_provision,0.00,not_attempted,,
AR-INV-2026-001351,invoice,OVERDUE_UNRECONCILED_AR,medium,44016900,Invoice INV-2026-001351 for Shree Balaji Hardware Private Limited is 15 days past due with no matching receipt.,INV-2026-001351,chase_or_provision,deterministic,,,,,"₹4,40,169.00",unknown,AR,chase_or_provision,0.00,not_attempted,,
AR-INV-2026-001415,invoice,OVERDUE_UNRECONCILED_AR,high,19255400,Invoice INV-2026-001415 for Pushpa Metals Agri Inputs PVT LTD is 46 days past due with no matching receipt.,INV-2026-001415,chase_or_provision,deterministic,,,,,"₹1,92,554.00",unknown,AR,chase_or_provision,0.00,not_attempted,,
AR-INV-2026-001416,invoice,OVERDUE_UNRECONCILED_AR,high,20123400,Invoice INV-2026-001416 for Goldcrest Warehousing Private Limited is 46 days past due with no matching receipt.,INV-2026-001416,chase_or_provision,deterministic,,,,,"₹2,01,234.00",unknown,AR,chase_or_provision,0.00,not_attempted,,
AR-INV-2026-001431,invoice,OVERDUE_UNRECONCILED_AR,medium,16279600,Invoice INV-2026-001431 for Suryavansh Catering Services Company is 22 days past due with no matching receipt.,INV-2026-001431,chase_or_provision,deterministic,,,,,"₹1,62,796.00",unknown,AR,chase_or_provision,0.00,not_attempted,,
AR-INV-2026-001432,invoice,OVERDUE_UNRECONCILED_AR,medium,64009700,Invoice INV-2026-001432 for Ashwini Cold Chain Ltd is 22 days past due with no matching receipt.,INV-2026-001432,chase_or_provision,deterministic,,,,,"₹6,40,097.00",unknown,AR,chase_or_provision,0.00,not_attempted,,
AR-INV-2026-001433,invoice,OVERDUE_UNRECONCILED_AR,medium,62849900,Invoice INV-2026-001433 for Pushpa Metals Agri Inputs PVT LTD is 45 days past due with no matching receipt.,INV-2026-001433,chase_or_provision,deterministic,,,,,"₹6,28,499.00",unknown,AR,chase_or_provision,0.00,not_attempted,,
AR-INV-2026-001456,invoice,OVERDUE_UNRECONCILED_AR,medium,99118700,Invoice INV-2026-001456 for Anant Infra Staffing Private Limited is 5 days past due with no matching receipt.,INV-2026-001456,chase_or_provision,deterministic,,,,,"₹9,91,187.00",unknown,AR,chase_or_provision,0.00,not_attempted,,
AR-INV-2026-001468,invoice,OVERDUE_UNRECONCILED_AR,medium,143289100,Invoice INV-2026-001468 for Ashwini Solar EPC PVT LTD is 4 days past due with no matching receipt.,INV-2026-001468,chase_or_provision,deterministic,,,,,"₹14,32,891.00",unknown,AR,chase_or_provision,0.00,not_attempted,,
AR-INV-2026-001476,invoice,OVERDUE_UNRECONCILED_AR,medium,6655200,Invoice INV-2026-001476 for Sahyadri Polymers PVT LTD is 2 days past due with no matching receipt.,INV-2026-001476,chase_or_provision,deterministic,,,,,"₹66,552.00",unknown,AR,chase_or_provision,0.00,not_attempted,,
AR-INV-2026-001477,invoice,OVERDUE_UNRECONCILED_AR,medium,63497900,Invoice INV-2026-001477 for Anant Infra Staffing Private Limited is 2 days past due with no matching receipt.,INV-2026-001477,chase_or_provision,deterministic,,,,,"₹6,34,979.00",unknown,AR,chase_or_provision,0.00,not_attempted,,
AR-INV-2026-001481,invoice,OVERDUE_UNRECONCILED_AR,medium,600000000,Invoice INV-2026-001481 for Ashwini Solar EPC PVT LTD is 2 days past due with no matching receipt.,INV-2026-001481,chase_or_provision,deterministic,,,,,"₹60,00,000.00",unknown,AR,chase_or_provision,0.00,not_attempted,,
AR-INV-2026-001489,invoice,OVERDUE_UNRECONCILED_AR,medium,91857600,Invoice INV-2026-001489 for Shree Balaji Hardware Private Limited is 1 days past due with no matching receipt.,INV-2026-001489,chase_or_provision,deterministic,,,,,"₹9,18,576.00",unknown,AR,chase_or_provision,0.00,not_attempted,,
AR-INV-2026-001496,invoice,OVERDUE_UNRECONCILED_AR,medium,45559300,Invoice INV-2026-001496 for Sahyadri Polymers PVT LTD is 1 days past due with no matching receipt.,INV-2026-001496,chase_or_provision,deterministic,,,,,"₹4,55,593.00",unknown,AR,chase_or_provision,0.00,not_attempted,,
AR-INV-2026-001559,invoice,OVERDUE_UNRECONCILED_AR,medium,45460200,Invoice INV-2026-001559 for Meridian Lab Supplies LLP is 33 days past due with no matching receipt.,INV-2026-001559,chase_or_provision,deterministic,,,,,"₹4,54,602.00",unknown,AR,chase_or_provision,0.00,not_attempted,,
AR-INV-2026-001564,invoice,OVERDUE_UNRECONCILED_AR,medium,252009600,Invoice INV-2026-001564 for Orbitex Paper Mills PVT LTD is 33 days past due with no matching receipt.,INV-2026-001564,chase_or_provision,deterministic,,,,,"₹25,20,096.00",unknown,AR,chase_or_provision,0.00,not_attempted,,
AR-INV-2026-001581,invoice,OVERDUE_UNRECONCILED_AR,medium,16099500,Invoice INV-2026-001581 for Zenith One Logistics & Co is 8 days past due with no matching receipt.,INV-2026-001581,chase_or_provision,deterministic,,,,,"₹1,60,995.00",unknown,AR,chase_or_provision,0.00,not_attempted,,
AR-INV-2026-001583,invoice,OVERDUE_UNRECONCILED_AR,medium,38664400,Invoice INV-2026-001583 for Suryavansh Print Solutions & Co is 8 days past due with no matching receipt.,INV-2026-001583,chase_or_provision,deterministic,,,,,"₹3,86,644.00",unknown,AR,chase_or_provision,0.00,not_attempted,,
AR-INV-2026-001584,invoice,OVERDUE_UNRECONCILED_AR,medium,13051400,Invoice INV-2026-001584 for Zenith One Logistics & Co is 8 days past due with no matching receipt.,INV-2026-001584,chase_or_provision,deterministic,,,,,"₹1,30,514.00",unknown,AR,chase_or_provision,0.00,not_attempted,,
AR-INV-2026-001593,invoice,OVERDUE_UNRECONCILED_AR,medium,23086500,Invoice INV-2026-001593 for Zenith One Logistics & Co is 7 days past due with no matching receipt.,INV-2026-001593,chase_or_provision,deterministic,,,,,"₹2,30,865.00",unknown,AR,chase_or_provision,0.00,not_attempted,,
AR-INV-2026-001595,invoice,OVERDUE_UNRECONCILED_AR,medium,10212300,Invoice INV-2026-001595 for Vedika Textiles Company is 22 days past due with no matching receipt.,INV-2026-001595,chase_or_provision,deterministic,,,,,"₹1,02,123.00",unknown,AR,chase_or_provision,0.00,not_attempted,,
AR-INV-2026-001606,invoice,OVERDUE_UNRECONCILED_AR,medium,27293800,Invoice INV-2026-001606 for Ashwini Cable Systems LLP is 5 days past due with no matching receipt.,INV-2026-001606,chase_or_provision,deterministic,,,,,"₹2,72,938.00",unknown,AR,chase_or_provision,0.00,not_attempted,,
AR-INV-2026-001611,invoice,OVERDUE_UNRECONCILED_AR,medium,29546100,Invoice INV-2026-001611 for Ashwini Cable Systems LLP is 5 days past due with no matching receipt.,INV-2026-001611,chase_or_provision,deterministic,,,,,"₹2,95,461.00",unknown,AR,chase_or_provision,0.00,not_attempted,,
AR-INV-2026-001617,invoice,OVERDUE_UNRECONCILED_AR,medium,11905200,Invoice INV-2026-001617 for Anant Infra Conveyances PVT LTD is 5 days past due with no matching receipt.,INV-2026-001617,chase_or_provision,deterministic,,,,,"₹1,19,052.00",unknown,AR,chase_or_provision,0.00,not_attempted,,
AR-INV-2026-001632,invoice,OVERDUE_UNRECONCILED_AR,medium,34761400,Invoice INV-2026-001632 for Zenith One Logistics & Co is 3 days past due with no matching receipt.,INV-2026-001632,chase_or_provision,deterministic,,,,,"₹3,47,614.00",unknown,AR,chase_or_provision,0.00,not_attempted,,
AR-INV-2026-001636,invoice,OVERDUE_UNRECONCILED_AR,medium,59659800,Invoice INV-2026-001636 for Suryavansh Catering Services Company is 2 days past due with no matching receipt.,INV-2026-001636,chase_or_provision,deterministic,,,,,"₹5,96,598.00",unknown,AR,chase_or_provision,0.00,not_attempted,,
AR-INV-2026-001637,invoice,OVERDUE_UNRECONCILED_AR,medium,94311400,Invoice INV-2026-001637 for Suryavansh Catering Services Company is 2 days past due with no matching receipt.,INV-2026-001637,chase_or_provision,deterministic,,,,,"₹9,43,114.00",unknown,AR,chase_or_provision,0.00,not_attempted,,
AR-INV-2026-001650,invoice,OVERDUE_UNRECONCILED_AR,medium,83553800,Invoice INV-2026-001650 for Saptagiri Analytics Ltd is 24 days past due with no matching receipt.,INV-2026-001650,chase_or_provision,deterministic,,,,,"₹8,35,538.00",unknown,AR,chase_or_provision,0.00,not_attempted,,
AR-INV-2026-001693,invoice,OVERDUE_UNRECONCILED_AR,medium,32718800,Invoice INV-2026-001693 for Vedika Textiles Company is 11 days past due with no matching receipt.,INV-2026-001693,chase_or_provision,deterministic,,,,,"₹3,27,188.00",unknown,AR,chase_or_provision,0.00,not_attempted,,
AR-INV-2026-001750,invoice,OVERDUE_UNRECONCILED_AR,medium,4110000,Invoice INV-2026-001750 for Goldcrest Warehousing Private Limited is 15 days past due with no matching receipt.,INV-2026-001750,chase_or_provision,deterministic,,,,,"₹41,100.00",unknown,AR,chase_or_provision,0.00,not_attempted,,
AR-INV-2026-001751,invoice,OVERDUE_UNRECONCILED_AR,medium,31831000,Invoice INV-2026-001751 for Meridian Lab Supplies LLP is 15 days past due with no matching receipt.,INV-2026-001751,chase_or_provision,deterministic,,,,,"₹3,18,310.00",unknown,AR,chase_or_provision,0.00,not_attempted,,
AR-INV-2026-001756,invoice,OVERDUE_UNRECONCILED_AR,medium,87414800,Invoice INV-2026-001756 for Nalanda Recyclers LLP is 7 days past due with no matching receipt.,INV-2026-001756,chase_or_provision,deterministic,,,,,"₹8,74,148.00",unknown,AR,chase_or_provision,0.00,not_attempted,,
AR-INV-2026-001803,invoice,OVERDUE_UNRECONCILED_AR,medium,187403000,Invoice INV-2026-001803 for Goldcrest Steel Traders Company is 2 days past due with no matching receipt.,INV-2026-001803,chase_or_provision,deterministic,,,,,"₹18,74,030.00",unknown,AR,chase_or_provision,0.00,not_attempted,,
AR-INV-2026-001811,invoice,OVERDUE_UNRECONCILED_AR,medium,15809400,Invoice INV-2026-001811 for Nalanda Recyclers LLP is 1 days past due with no matching receipt.,INV-2026-001811,chase_or_provision,deterministic,,,,,"₹1,58,094.00",unknown,AR,chase_or_provision,0.00,not_attempted,,
AR-INV-2026-001860,invoice,OVERDUE_UNRECONCILED_AR,medium,41810200,Invoice INV-2026-001860 for Meridian Lab Supplies LLP is 4 days past due with no matching receipt.,INV-2026-001860,chase_or_provision,deterministic,,,,,"₹4,18,102.00",unknown,AR,chase_or_provision,0.00,not_attempted,,
AR-INV-2026-001910,invoice,OVERDUE_UNRECONCILED_AR,medium,53998500,Invoice INV-2026-001910 for Pushpa Metals Agri Inputs PVT LTD is 1 days past due with no matching receipt.,INV-2026-001910,chase_or_provision,deterministic,,,,,"₹5,39,985.00",unknown,AR,chase_or_provision,0.00,not_attempted,,
AR-INV-2026-001913,invoice,OVERDUE_UNRECONCILED_AR,medium,63825500,Invoice INV-2026-001913 for Pushpa Metals Agri Inputs PVT LTD is 1 days past due with no matching receipt.,INV-2026-001913,chase_or_provision,deterministic,,,,,"₹6,38,255.00",unknown,AR,chase_or_provision,0.00,not_attempted,,
setl_00000002,settlement,BATCH_ARITHMETIC,medium,85675,Declared gross/fees/refunds do not add up to the declared net for setl_00000002 (off by ₹856.75).,,check_for_missing_refund_or_chargeback_rows,deterministic,,,,,₹856.75,unknown,Treasury,investigate_manually,0.00,not_attempted,,
setl_00000004,settlement,BATCH_ARITHMETIC,medium,354732,"Declared gross/fees/refunds do not add up to the declared net for setl_00000004 (off by ₹3,547.32).",,check_for_missing_refund_or_chargeback_rows,deterministic,,,,,"₹3,547.32",unknown,Treasury,investigate_manually,0.00,not_attempted,,
setl_00000005,settlement,FEE_TIER_MISMATCH,high,14144,"Batch setl_00000005 billed ₹2,960.42 commission but the rate card gives ₹2,818.98 for its 52 transactions (diff ₹141.44).",setl_00000005,dispute_with_gateway_and_attach_batch_breakdown,deterministic,,,,,₹141.44,unknown,Treasury,dispute_with_gateway_and_attach_batch_breakdown,0.00,not_attempted,,
setl_00000010,settlement,BATCH_ARITHMETIC,medium,32947,Declared gross/fees/refunds do not add up to the declared net for setl_00000010 (off by ₹329.47).,,check_for_missing_refund_or_chargeback_rows,deterministic,,,,,₹329.47,unknown,Treasury,investigate_manually,0.00,not_attempted,,
setl_00000047,settlement,BATCH_ARITHMETIC,medium,3964,Declared gross/fees/refunds do not add up to the declared net for setl_00000047 (off by ₹39.64).,,check_for_missing_refund_or_chargeback_rows,deterministic,,,,,₹39.64,unknown,Treasury,investigate_manually,0.00,not_attempted,,
setl_00000060,settlement,BATCH_ARITHMETIC,medium,1152,Declared gross/fees/refunds do not add up to the declared net for setl_00000060 (off by ₹11.52).,,check_for_missing_refund_or_chargeback_rows,deterministic,,,,,₹11.52,unknown,Treasury,investigate_manually,0.00,not_attempted,,
setl_00000071,settlement,BATCH_ARITHMETIC,medium,319700,"Declared gross/fees/refunds do not add up to the declared net for setl_00000071 (off by ₹3,197.00).",,check_for_missing_refund_or_chargeback_rows,deterministic,,,,,"₹3,197.00",unknown,Treasury,investigate_manually,0.00,not_attempted,,
setl_00000078,settlement,BATCH_ARITHMETIC,medium,42883,Declared gross/fees/refunds do not add up to the declared net for setl_00000078 (off by ₹428.83).,,check_for_missing_refund_or_chargeback_rows,deterministic,,,,,₹428.83,unknown,Treasury,investigate_manually,0.00,not_attempted,,
setl_00000084,settlement,BATCH_ARITHMETIC,medium,12733,Declared gross/fees/refunds do not add up to the declared net for setl_00000084 (off by ₹127.33).,,check_for_missing_refund_or_chargeback_rows,deterministic,,,,,₹127.33,unknown,Treasury,investigate_manually,0.00,not_attempted,,
setl_00000088,settlement,BATCH_ARITHMETIC,medium,18242,Declared gross/fees/refunds do not add up to the declared net for setl_00000088 (off by ₹182.42).,,check_for_missing_refund_or_chargeback_rows,deterministic,,,,,₹182.42,unknown,Treasury,investigate_manually,0.00,not_attempted,,
setl_00000092,settlement,FEE_TIER_MISMATCH,high,15995,"Batch setl_00000092 billed ₹1,411.46 commission but the rate card gives ₹1,251.51 for its 24 transactions (diff ₹159.95).",setl_00000092,dispute_with_gateway_and_attach_batch_breakdown,deterministic,,,,,₹159.95,unknown,Treasury,dispute_with_gateway_and_attach_batch_breakdown,0.00,not_attempted,,
setl_00000095,settlement,BATCH_ARITHMETIC,medium,826,Declared gross/fees/refunds do not add up to the declared net for setl_00000095 (off by ₹8.26).,,check_for_missing_refund_or_chargeback_rows,deterministic,,,,,₹8.26,unknown,Treasury,investigate_manually,0.00,not_attempted,,
setl_00000102,settlement,BATCH_ARITHMETIC,medium,57877,Declared gross/fees/refunds do not add up to the declared net for setl_00000102 (off by ₹578.77).,,check_for_missing_refund_or_chargeback_rows,deterministic,,,,,₹578.77,unknown,Treasury,investigate_manually,0.00,not_attempted,,
setl_00000105,settlement,BATCH_ARITHMETIC,medium,126797,"Declared gross/fees/refunds do not add up to the declared net for setl_00000105 (off by ₹1,267.97).",,check_for_missing_refund_or_chargeback_rows,deterministic,,,,,"₹1,267.97",unknown,Treasury,investigate_manually,0.00,not_attempted,,
setl_00000107,settlement,BATCH_ARITHMETIC,medium,6078,Declared gross/fees/refunds do not add up to the declared net for setl_00000107 (off by ₹60.78).,,check_for_missing_refund_or_chargeback_rows,deterministic,,,,,₹60.78,unknown,Treasury,investigate_manually,0.00,not_attempted,,
setl_00000112,settlement,BATCH_ARITHMETIC,medium,21379,Declared gross/fees/refunds do not add up to the declared net for setl_00000112 (off by ₹213.79).,,check_for_missing_refund_or_chargeback_rows,deterministic,,,,,₹213.79,unknown,Treasury,investigate_manually,0.00,not_attempted,,
setl_00000116,settlement,FEE_TIER_MISMATCH,high,22426,"Batch setl_00000116 billed ₹2,960.04 commission but the rate card gives ₹2,735.78 for its 47 transactions (diff ₹224.26).",setl_00000116,dispute_with_gateway_and_attach_batch_breakdown,deterministic,,,,,₹224.26,unknown,Treasury,dispute_with_gateway_and_attach_batch_breakdown,0.00,not_attempted,,
setl_00000120,settlement,BATCH_ARITHMETIC,medium,840557,"Declared gross/fees/refunds do not add up to the declared net for setl_00000120 (off by ₹8,405.57).",,check_for_missing_refund_or_chargeback_rows,deterministic,,,,,"₹8,405.57",unknown,Treasury,investigate_manually,0.00,not_attempted,,
setl_00000131,settlement,BATCH_ARITHMETIC,medium,9327,Declared gross/fees/refunds do not add up to the declared net for setl_00000131 (off by ₹93.27).,,check_for_missing_refund_or_chargeback_rows,deterministic,,,,,₹93.27,unknown,Treasury,investigate_manually,0.00,not_attempted,,
setl_00000137,settlement,FEE_TIER_MISMATCH,high,11240,"Batch setl_00000137 billed ₹1,925.10 commission but the rate card gives ₹1,812.70 for its 36 transactions (diff ₹112.40).",setl_00000137,dispute_with_gateway_and_attach_batch_breakdown,deterministic,,,,,₹112.40,unknown,Treasury,dispute_with_gateway_and_attach_batch_breakdown,0.00,not_attempted,,
setl_00000138,settlement,BATCH_ARITHMETIC,medium,20833,Declared gross/fees/refunds do not add up to the declared net for setl_00000138 (off by ₹208.33).,,check_for_missing_refund_or_chargeback_rows,deterministic,,,,,₹208.33,unknown,Treasury,investigate_manually,0.00,not_attempted,,
setl_00000143,settlement,BATCH_ARITHMETIC,medium,19952,Declared gross/fees/refunds do not add up to the declared net for setl_00000143 (off by ₹199.52).,,check_for_missing_refund_or_chargeback_rows,deterministic,,,,,₹199.52,unknown,Treasury,investigate_manually,0.00,not_attempted,,
setl_00000150,settlement,FEE_TIER_MISMATCH,high,7678,"Batch setl_00000150 billed ₹1,429.62 commission but the rate card gives ₹1,352.84 for its 27 transactions (diff ₹76.78).",setl_00000150,dispute_with_gateway_and_attach_batch_breakdown,deterministic,,,,,₹76.78,unknown,Treasury,dispute_with_gateway_and_attach_batch_breakdown,0.00,not_attempted,,
setl_00000151,settlement,FEE_TIER_MISMATCH,high,13563,"Batch setl_00000151 billed ₹3,205.58 commission but the rate card gives ₹3,069.95 for its 52 transactions (diff ₹135.63).",setl_00000151,dispute_with_gateway_and_attach_batch_breakdown,deterministic,,,,,₹135.63,unknown,Treasury,dispute_with_gateway_and_attach_batch_breakdown,0.00,not_attempted,,
setl_00000164,settlement,BATCH_ARITHMETIC,medium,6828,Declared gross/fees/refunds do not add up to the declared net for setl_00000164 (off by ₹68.28).,,check_for_missing_refund_or_chargeback_rows,deterministic,,,,,₹68.28,unknown,Treasury,investigate_manually,0.00,not_attempted,,
setl_00000165,settlement,FEE_TIER_MISMATCH,high,33665,"Batch setl_00000165 billed ₹2,996.36 commission but the rate card gives ₹2,659.71 for its 46 transactions (diff ₹336.65).",setl_00000165,dispute_with_gateway_and_attach_batch_breakdown,deterministic,,,,,₹336.65,unknown,Treasury,dispute_with_gateway_and_attach_batch_breakdown,0.00,not_attempted,,
